country,year,happiness,democracy,gini,child_mortality,refugee,sanitation,women_edu,men_edu,elder_child,pop_den,labour
Afghanistan,2008,3.723589897,30.2,36.8,96,0.00013,31.4,0.78,3.51,100,41.8,52
Afghanistan,2009,4.401778221,27.5,36.8,91.9,0.00013,32.5,0.8,3.59,100,42.9,51.8
Afghanistan,2010,4.75838089,24.8,36.8,88,0.0221,33.6,0.83,3.68,99.5,44.1,51.7
Afghanistan,2011,3.83171916,24.8,36.8,84.1,0.00999,34.7,0.86,3.76,97.7,45.5,51.9
Afghanistan,2012,3.782937527,24.8,36.8,80.5,0.052,35.8,0.89,3.85,95.3,47,52.4
Afghanistan,2013,3.572100401,24.8,36.8,77,0.0523,36.9,0.92,3.94,92.6,48.6,52.9
Afghanistan,2014,3.130895615,27.7,36.8,73.5,0.9,38.1,0.95,4.04,89.8,50.2,53.4
Afghanistan,2015,3.982854605,27.7,36.8,70.4,0.748,39.2,0.98,4.13,87,51.7,53.9
Albania,2007,4.634251595,59.1,30.2,16.7,0.00254,93.6,11,10.9,50.9,110,55.9
Albania,2009,5.485469818,58.9,29.7,14.4,0.00235,94.9,11.3,11.2,48.6,108,54.5
Albania,2010,5.268936634,58.6,29.5,13.3,0.00258,95.6,11.5,11.3,47.9,107,54.3
Albania,2011,5.867421627,58.1,29.3,12.3,0.0028,96.2,11.6,11.4,46.7,107,55.7
Albania,2012,5.510124207,56.7,29.1,11.4,0.00295,96.8,11.8,11.6,45.8,107,57.4
Albania,2013,4.550647736,56.7,29,10.7,0.0032,97.3,11.9,11.7,45.2,107,53.7
Albania,2014,4.813763142,56.7,29,10.1,0.00359,97.7,12.1,11.8,44.9,107,54.4
Albania,2015,4.606650829,59.1,29,9.6,0.0036,97.7,12.3,12,44.8,107,56.5
Algeria,2011,5.317194462,34.4,28.2,26.7,0.257,86.8,7.11,7.95,49.2,15.5,42.5
Algeria,2012,5.604595661,38.3,27.9,26.1,0.252,87,7.26,8.09,49.8,15.8,42.7
Angola,2011,5.589000702,33.2,42.7,113,0.067,34.3,4.79,6.73,102,19.4,77.9
Angola,2012,4.360249996,33.5,42.6,105,0.0932,35.6,4.92,6.86,102,20.1,77.9
Angola,2013,3.937106848,33.5,42.6,98.4,0.0914,36.9,5.04,6.98,101,20.9,77.9
Angola,2014,3.794837952,33.5,42.6,92.9,0.0574,38.2,5.18,7.11,101,21.6,77.8
Argentina,2006,6.312925339,66.3,46.7,16.1,0.00804,94.9,11.7,10.9,58.5,14.5,62.3
Argentina,2007,6.073158264,66.3,45.8,15.7,0.00822,94.9,11.8,11,58.1,14.6,61.6
Argentina,2008,5.961034298,66.3,44.9,15.3,0.0071,94.9,11.9,11.1,57.6,14.8,60.9
Argentina,2009,6.424133301,67.3,44,14.9,0.00798,94.9,12.1,11.3,57.2,14.9,61.2
Argentina,2010,6.441067219,68.4,43,14.4,0.00801,94.9,12.3,11.4,56.9,15.1,59.7
Argentina,2011,6.775805473,68.4,42.3,13.9,0.00813,94.9,12.4,11.5,56.7,15.2,60.8
Armenia,2006,4.289310932,41.5,32.7,22.7,3.84,90.9,11.7,11.4,49.3,104,56
Armenia,2007,4.881515503,41.2,30.8,21.6,0.156,91,11.9,11.5,48.1,103,56.3
Armenia,2008,4.651972294,40.9,29.6,20.5,0.136,91.1,12,11.6,46.8,102,56.4
Armenia,2009,4.177581787,40.9,29.6,19.5,0.125,91.1,12.2,11.8,45.8,101,57.1
Armenia,2010,4.367811203,40.9,29.2,18.5,0.115,91.2,12.3,11.9,45.1,101,59.6
Armenia,2011,4.260491371,40.9,29.5,17.6,0.101,91.3,12.5,12,43.7,101,60.6
Armenia,2012,4.319711685,40.9,30.2,16.7,0.0989,91.3,12.6,12.1,42.5,101,60.4
Armenia,2013,4.277191162,40.2,30.7,15.9,0.474,91.4,12.8,12.3,41.8,102,60.8
Armenia,2014,4.453083038,41.3,31.3,15.1,0.606,91.5,12.9,12.4,41.3,102,60.5
Armenia,2015,4.34831953,40,31.9,14.4,0.66,91.6,13.1,12.5,41.3,102,59.8
Australia,2007,7.285390854,90.9,34.9,5.41,0.106,100,13.4,13.2,48,2.73,65.3
Australia,2008,7.253757477,90.9,35,5.21,0.0981,100,13.6,13.3,47.9,2.78,65.6
Australia,2010,7.450047016,92.2,33.6,4.77,0.0984,100,13.8,13.5,48.2,2.88,65.5
Australia,2011,7.405616283,92.2,32.9,4.54,0.104,100,14,13.7,48.6,2.93,65.6
Australia,2012,7.195585728,92.2,32.4,4.32,0.131,100,14.1,13.8,49.1,2.97,65.2
Australia,2013,7.364169121,91.3,31.9,4.13,0.148,100,14.3,13.9,49.6,3.01,65
Australia,2014,7.288550377,90.1,32.2,3.98,0.151,100,14.4,14,50.2,3.06,64.8
Australia,2015,7.309060574,90.1,32.3,3.87,0.154,100,14.5,14.2,50.9,3.1,65
Austria,2006,7.122211456,86.9,29.8,4.76,0.308,100,12,12.1,47.5,101,58.5
Austria,2008,7.180953979,84.9,30.5,4.54,0.45,100,12.3,12.3,47.8,101,59.7
Austria,2010,7.302678585,84.9,30.7,4.33,0.507,100,12.6,12.5,48.1,102,60
Austria,2011,7.470512867,84.9,30.8,4.2,0.557,100,12.7,12.7,48.3,103,60
Austria,2012,7.400688648,86.2,30.6,4.05,0.608,100,12.9,12.8,48.5,103,60.3
Austria,2013,7.498802662,84.8,30.6,3.91,0.65,100,13,12.9,48.8,104,60.4
Austria,2014,6.949999809,85.4,30.6,3.8,0.705,100,13.2,13,49,105,60.2
Austria,2015,7.07644701,85.4,30.6,3.71,0.832,100,13.3,13.1,49.2,105,60.1
Azerbaijan,2006,4.727870941,33.1,31.9,49.2,0.0303,75.3,11.8,12,46.1,104,63.6
Azerbaijan,2007,4.56815958,32.5,31.7,46,0.027,76.8,12,12.1,44.2,106,63.7
Azerbaijan,2008,4.817189217,31.9,31.8,43.1,0.0234,78.4,12.1,12.2,42.5,107,63.8
Azerbaijan,2009,4.573725224,31.7,32.1,40.3,0.0184,80,12.3,12.3,41.1,108,63.9
Azerbaijan,2010,4.218610764,31.5,32.2,37.6,0.0209,81.6,12.4,12.4,40.2,109,64
Azerbaijan,2011,4.680469513,31.5,32.4,35.1,0.0189,83.2,12.6,12.6,39.2,111,64
Azerbaijan,2012,4.910771847,31.5,32.4,32.7,0.0158,84.7,12.7,12.7,38.7,112,64.3
Azerbaijan,2013,5.481178284,30.6,32.4,30.4,0.0147,86.3,12.9,12.8,38.3,114,64.5
Azerbaijan,2014,5.25153017,28.3,32.4,28.3,0.0137,87.9,13,12.9,38.1,115,65.1
Azerbaijan,2015,5.146774769,27.1,32.4,26.3,0.0133,89.3,13.2,13,38,116,65.5
Bahrain,2009,5.700523376,34.4,40,8.92,0.0117,100,9.63,9.03,29.3,1560,71.4
Bahrain,2010,5.936869144,34.9,40,8.53,0.0133,100,9.78,9.15,27.8,1630,72.2
Bahrain,2011,4.82397604,29.2,40,8.23,0.0156,100,9.93,9.28,28.6,1680,71.4
Bangladesh,2006,4.318909168,61.1,33,62.4,0.0187,34.2,3.96,5.47,62.3,1120,57.5
Bangladesh,2007,4.607322216,58.1,32.8,58.8,0.0193,35.6,4.08,5.59,61.3,1130,57.4
Bangladesh,2008,5.052278519,55.2,32.6,55.4,0.0197,37.1,4.2,5.7,60.3,1140,57.2
Bangladesh,2009,5.08285141,57,32.4,52.2,0.157,38.5,4.32,5.81,59.3,1160,57.1
Bangladesh,2010,4.858481407,58.7,32.3,49.1,0.155,39.9,4.45,5.93,58.3,1170,57
Bangladesh,2011,4.985649109,58.6,32.2,46.2,0.154,41.4,4.58,6.05,57.1,1180,56.9
Bangladesh,2012,4.724443913,58.6,32.2,43.4,0.153,42.8,4.7,6.17,55.9,1200,56.8
Bangladesh,2013,4.660161018,58.6,32.3,40.8,0.151,44.2,4.83,6.29,54.8,1210,56.7
Bangladesh,2015,4.633473873,57.3,32.3,36.1,0.148,46.9,5.09,6.53,52.5,1240,56.5
Belarus,2006,5.657649994,33.4,28,7.83,0.00725,94.7,13.5,12.9,42.9,47.2,61.2
Belarus,2007,5.616976261,33.4,28.2,7.17,0.00685,94.7,13.7,13,42.1,47,61.6
Belarus,2009,5.56413126,33.4,28.2,6,0.00615,94.6,14,13.3,40.7,46.8,62.6
Belarus,2010,5.525923252,33.4,27.6,5.52,0.00625,94.5,14.1,13.5,40.5,46.7,63
Belarus,2011,5.225307941,31.6,27.3,5.11,0.00632,94.4,14.3,13.6,40.7,46.7,63.3
Belarus,2012,5.749043465,30.4,27.2,4.78,0.00612,94.4,14.4,13.8,41.1,46.7,63.6
Belarus,2013,5.876466274,30.4,26.8,4.5,0.00641,94.3,14.6,13.9,41.7,46.7,63.9
Belarus,2014,5.812400818,36.9,26.8,4.25,0.00981,94.3,14.7,14,42.3,46.7,64.1
Belarus,2015,5.718907833,36.2,26.9,4.03,0.0192,94.3,14.9,14.1,43,46.7,64.3
Belgium,2007,7.218839645,81.5,28.7,4.73,0.164,99.5,13.4,12.9,51.7,353,53.6
Belgium,2008,7.116590977,81.6,28.5,4.64,0.158,99.5,13.5,13,51.4,356,53.6
Belgium,2010,6.853514194,80.5,28.2,4.46,0.164,99.5,13.8,13.3,51.4,361,54
Belgium,2011,7.111363888,80.5,28,4.37,0.203,99.5,14,13.4,51.8,364,53.1
Belgium,2012,6.935122013,80.5,27.9,4.29,0.199,99.5,14.1,13.5,52.3,366,53.1
Belgium,2013,7.10366106,80.5,27.8,4.19,0.23,99.5,14.2,13.7,52.9,368,53.5
Belgium,2014,6.855329037,79.3,27.8,4.09,0.26,99.5,14.4,13.8,53.6,371,53.5
Belgium,2015,6.904219151,79.3,27.8,3.99,0.313,99.5,14.5,13.9,54.2,373,53.4
Belize,2007,6.450644493,#N/A,53.3,20.2,0.12,84.7,8.46,8.71,69.9,13.1,65.3
Belize,2014,5.955646515,#N/A,53.3,16.1,0.00283,86.8,9.61,9.66,58.3,15.4,67.2
Benin,2006,3.329801559,61.6,40.2,120,0.131,11.5,2.09,4.63,89.4,72.9,71.8
Benin,2008,3.66713953,60.6,41.3,116,0.0797,12,2.22,4.83,88.1,77.1,71.4
Benin,2011,3.870279551,60.6,43.1,109,0.0763,12.8,2.43,5.14,85.6,83.9,70.9
Benin,2012,3.193468809,60,44,107,0.051,13.1,2.5,5.25,84.9,86.3,70.9
Benin,2013,3.479412794,58.7,45.1,104,0.00194,13.4,2.57,5.36,84,88.7,70.8
Benin,2014,3.347419262,56.5,46,102,0.00403,13.6,2.65,5.47,83,91.2,70.8
Benin,2015,3.624664307,57.2,46.9,99.9,0.00501,13.9,2.73,5.59,82,93.8,70.8
Bhutan,2013,5.569091797,48.2,38.5,36.4,0,61.8,3.05,6.39,49.1,20.1,66.1
Bhutan,2014,4.938578129,48.7,38.3,34.7,0,62.3,3.14,6.51,47.9,20.4,64.4
Bhutan,2015,5.082128525,49.3,38,33.3,0,62.9,3.23,6.63,46.9,20.7,66.6
Bolivia,2006,5.373986244,59.8,55.1,52.5,0.00603,44,8.37,9.56,71.7,8.57,72.9
Bolivia,2007,5.628419399,60.6,54,49.4,0.00661,44.9,8.53,9.69,70.9,8.72,71.7
Bolivia,2008,5.297872543,61.5,51.8,46.4,0.00683,45.9,8.7,9.83,70.2,8.86,72.1
Bolivia,2009,6.085579395,60.4,49.7,43.7,0.00687,46.9,8.86,9.96,69.4,9.01,72.1
Bolivia,2010,5.780620098,59.2,48.1,41.1,0.00692,47.8,9.03,10.1,68.5,9.16,72
Bolivia,2011,5.778874397,58.4,47.4,38.7,0.00701,48.8,9.19,10.2,67.5,9.3,71.8
Bolivia,2012,6.018894672,58.4,47.1,36.5,0.00706,49.7,9.36,10.4,66.5,9.45,68.9
Bolivia,2013,5.767428875,57.9,47,34.4,0.0071,50.7,9.52,10.5,65.5,9.6,69.3
Bolivia,2014,5.864798546,57.9,46.7,32.4,0.00713,51.7,9.69,10.6,64.6,9.75,71.3
Bolivia,2015,5.834329128,57.5,46.3,30.8,0.00713,52.6,9.86,10.8,63.7,9.9,67
Bosnia and Herzegovina,2007,4.899806976,57.4,33.3,8.26,0.196,94.8,9.9,10.2,39.8,74,48.6
Bosnia and Herzegovina,2009,4.963477135,55.1,33,7.53,0.191,94.8,10.3,10.5,39.4,73.5,48.4
Bosnia and Herzegovina,2010,4.66851759,53.2,33,7.18,0.189,94.8,10.4,10.6,39.2,73,48.2
Bosnia and Herzegovina,2011,4.994670868,52.4,33,6.87,0.189,94.8,10.6,10.8,39.5,72.3,48
Bosnia and Herzegovina,2012,4.773144722,51.1,32.9,6.62,0.191,94.8,10.8,10.9,39.6,71.5,47.7
Bosnia and Herzegovina,2013,5.123664379,50.2,32.9,6.42,0.196,94.8,11,11,39.8,70.7,47.3
Bosnia and Herzegovina,2014,5.248954296,47.8,32.8,6.27,0.198,94.8,11.1,11.2,40.1,69.9,47
Bosnia and Herzegovina,2015,5.117177963,48.3,32.7,6.14,0.198,94.8,11.3,11.3,40.7,69.3,46.7
Botswana,2006,4.739367008,76,62.9,65.7,0.172,57,7.24,6.47,61.7,3.32,63.5
Botswana,2008,5.451147079,74.7,61.7,59.3,0.158,57.8,7.56,6.73,59.4,3.43,63.3
Botswana,2010,3.553020239,76.3,60.8,49.8,0.15,58.6,7.88,7,57.6,3.56,60.3
Botswana,2011,3.519921064,76.3,60.6,48.8,0.164,59,8.05,7.13,56.9,3.62,64.5
Botswana,2012,4.835938931,78.5,60.5,46.1,0.137,59.4,8.21,7.26,56.4,3.69,68.2
Botswana,2013,4.128298759,79.8,60.5,43.1,0.134,59.8,8.38,7.4,56,3.76,71.3
Botswana,2014,4.031197071,78.7,60.5,42.3,0.127,59.9,8.54,7.53,55.6,3.83,71.4
Botswana,2015,3.761964798,78.7,60.5,40.7,0.1,60,8.71,7.67,55.3,3.9,71.5
Brazil,2007,6.320672989,73.8,54.9,21.9,0.0109,79.5,8.3,7.45,48.9,22.9,66.8
Brazil,2008,6.691424847,73.8,54.3,20.7,0.00201,80.3,8.46,7.57,48.3,23.1,66.9
Brazil,2009,7.000831604,72.5,53.8,19.6,0.00218,81.2,8.62,7.7,47.7,23.3,67
Brazil,2010,6.837331295,71.2,53.3,18.7,0.00223,82,8.78,7.83,47.2,23.5,65.8
Brazil,2011,7.037816525,71.2,53.1,17.9,0.00227,82.9,8.95,7.96,46.5,23.8,64.6
Brazil,2013,7.140282631,71.2,52.2,16.7,0.00258,84.5,9.27,8.22,45.6,24.2,64.2
Brazil,2014,6.980998993,73.8,51.9,16.2,0.00369,85.3,9.44,8.36,45.1,24.4,64
Brazil,2015,6.546896935,69.6,51.6,15.7,0.00426,86.1,9.6,8.49,44.7,24.6,64.1
Bulgaria,2007,3.843797922,70.6,33.7,11.9,0.0638,85.9,12.6,11.8,45.2,69.7,53.8
Bulgaria,2010,3.912276268,68.4,34.7,10.7,0.0745,85.9,13,12.2,46.7,68.2,53.4
Bulgaria,2011,3.875382423,67.8,35.3,10.3,0.0771,85.9,13.1,12.3,47.7,67.8,52.5
Bulgaria,2012,4.222297192,67.2,36,9.79,0.0312,86,13.2,12.4,48.7,67.3,53.1
Bulgaria,2013,3.993020535,68.3,36.3,9.23,0.0593,86,13.4,12.5,49.8,66.9,53.9
Bulgaria,2014,4.438439846,67.3,37,8.68,0.152,86,13.5,12.7,50.8,66.5,54.2
Bulgaria,2015,4.865401268,71.4,37.3,8.18,0.23,86,13.6,12.8,51.9,66.1,54.2
Burkina Faso,2006,3.801490784,37.2,41.5,145,0.0037,14.5,1.38,2.46,96.4,50.5,73.4
Burkina Faso,2007,4.017130375,36.6,40.9,137,0.00375,15.4,1.43,2.53,96.3,52.1,72.7
Burkina Faso,2008,3.846438885,36,40.3,129,0.00379,16.3,1.48,2.59,96.1,53.7,72
Burkina Faso,2010,4.035560608,35.9,38.8,114,0.0034,18.1,1.58,2.72,95.2,57,70.4
Burkina Faso,2011,4.785367489,35.9,38,108,0.0034,19,1.64,2.79,95,58.8,69.5
Burkina Faso,2012,3.95500803,35.2,37.1,101,0.237,19.9,1.69,2.86,94.5,60.6,68.6
Burkina Faso,2013,3.325949669,41.5,36.4,95.8,0.171,20.8,1.75,2.93,93.9,62.4,67.7
Burkina Faso,2014,3.481347799,40.9,35.8,91,0.181,21.7,1.8,3,93.1,64.3,66.7
Burkina Faso,2015,4.418930054,47,35.5,86.8,0.188,22.5,1.86,3.07,92.2,66.2,66.7
Burundi,2008,3.563227654,45.1,34.7,103,0.26,46.6,3.48,4.67,88.7,320,80
Burundi,2009,3.791680813,42.6,35.3,96.8,0.297,47.2,3.58,4.77,87.8,331,79.6
Burundi,2011,3.705894232,40.1,36.6,85.2,0.398,48.5,3.79,4.99,87.7,352,79
Burundi,2014,2.904535055,33.3,38.2,70.8,0.538,50.5,4.12,5.31,89.1,385,78.2
Cambodia,2008,4.462163925,48.7,42,51.8,0.00118,31.6,4.77,6.41,61.9,78.6,84.2
Cambodia,2009,4.110625744,48.7,42,47.9,0.00096,34.1,4.89,6.53,60.2,79.8,84.8
Cambodia,2010,4.141072273,48.7,42,44.3,0.0009,36.5,5.02,6.65,58.9,81.1,85.4
Cambodia,2011,4.161225319,48.7,42,41,0.00044,39,5.15,6.77,58,82.4,85.2
Cambodia,2012,3.898706913,49.6,42,38,0.00052,41.4,5.28,6.9,57.1,83.7,85
Cambodia,2013,3.674466848,46,42,35.6,0.00045,43.9,5.41,7.03,56.3,85.1,84.8
Cambodia,2014,3.88330555,47.8,42,33.7,0.00041,46.3,5.55,7.16,55.8,86.5,84.6
Cambodia,2015,4.162164688,42.7,42,32,0.00049,48.8,5.69,7.29,55.6,87.9,84.5
Cameroon,2006,3.851072073,32.7,42.8,125,0.193,39.3,5.9,7.8,90.5,37.9,75.9
Cameroon,2007,4.349939346,33.6,43.1,121,0.321,39.2,6.04,7.92,89.8,38.9,75.9
Cameroon,2008,4.291800499,34.6,43.5,116,0.421,39.1,6.18,8.05,89.1,40,75.9
Cameroon,2009,4.741408348,34.4,43.9,112,0.505,39.1,6.32,8.17,88.3,41.1,75.9
Cameroon,2010,4.554256916,34.1,44.5,107,0.513,39,6.46,8.3,87.5,42.2,75.9
Cameroon,2011,4.433885098,34.1,45,103,0.48,39,6.6,8.42,87,43.4,76
Cameroon,2012,4.244634151,34.4,45.5,98.2,0.461,38.9,6.74,8.55,86.5,44.6,76.1
Cameroon,2013,4.271038055,34.1,46,93.8,0.52,38.9,6.88,8.68,85.8,45.8,76.2
Cameroon,2014,4.240441322,34.1,46.3,89.8,1.16,38.9,7.02,8.81,85.1,47,76.2
Cameroon,2015,5.037964821,36.6,46.5,85.8,1.47,38.8,7.17,8.93,84.3,48.3,76.2
Canada,2008,7.485603809,90.7,33.7,5.81,0.521,98.5,14.9,14.7,43.9,3.67,67.2
Canada,2009,7.48782444,90.8,33.7,5.73,0.502,98.5,15,14.8,43.9,3.72,66.8
Canada,2010,7.650346279,90.8,33.7,5.65,0.485,98.5,15.1,14.9,44.1,3.76,66.6
Canada,2011,7.426053524,90.8,33.8,5.58,0.477,98.5,15.2,15,44.6,3.8,66.4
Canada,2012,7.415144444,90.8,33.3,5.52,0.469,98.5,15.3,15.1,45.1,3.84,66.2
Canada,2013,7.593793869,90.8,32.8,5.45,0.454,98.5,15.4,15.2,45.7,3.88,66.2
Canada,2014,7.30425787,90.8,32.2,5.37,0.418,98.5,15.5,15.3,46.5,3.92,65.7
Canada,2015,7.412772655,90.8,31.7,5.28,0.377,98.5,15.7,15.3,47.3,3.95,65.5
Central African Republic,2007,4.160129547,17.4,53.2,160,0.179,20.5,3.43,6.19,82.8,6.86,71.4
Central African Republic,2010,3.567892551,18.2,56.2,150,0.492,23,3.73,6.55,79.9,7.14,71.4
Central African Republic,2011,3.677826405,18.2,56.2,146,0.379,23.9,3.84,6.67,79.1,7.19,71.6
Chad,2006,3.434800625,16.5,41.1,165,2.74,9.71,1.22,3.94,107,8.28,72.3
Chad,2007,4.141326904,15.8,41.6,162,2.72,9.68,1.26,4.03,107,8.56,72.3
Chad,2008,4.632468224,15.2,42,158,2.96,9.64,1.3,4.12,107,8.84,72.2
Chad,2009,3.639445066,15.2,42.4,154,2.93,9.62,1.35,4.21,106,9.13,72.1
Chad,2010,3.742871046,15.2,42.8,150,2.91,9.59,1.39,4.3,105,9.44,71.9
Chad,2011,4.393482208,16.2,43.1,146,2.96,9.57,1.44,4.4,105,9.76,71.8
Chad,2012,4.03297472,16.2,43.2,142,2.92,9.55,1.48,4.5,104,10.1,71.7
Chad,2013,3.507663012,15,43.3,138,3.29,9.55,1.53,4.59,103,10.4,71.6
Chad,2014,3.460182905,15,43.3,134,3.31,9.54,1.58,4.69,102,10.8,71.4
Chad,2015,4.322675228,15,43.3,130,2.62,9.55,1.63,4.79,101,11.1,71.2
Chile,2006,6.062851906,78.9,49,8.96,0.00693,95.5,11.9,11.6,47.8,21.9,56
Chile,2007,5.697929859,78.9,48.7,8.91,0.00832,96.1,12.1,11.7,47.3,22.2,57.5
Chile,2008,5.789438725,78.9,48.5,8.89,0.00965,96.7,12.2,11.8,46.8,22.4,58.4
Chile,2009,6.493686199,77.8,48.4,8.83,0.00911,97.2,12.4,12,46.4,22.6,58
Chile,2010,6.63565588,76.7,48.2,8.7,0.0095,97.7,12.5,12.1,46.1,22.9,60.8
Chile,2011,6.526334763,75.4,47.9,8.55,0.00971,98.3,12.7,12.2,45.8,23.1,62
Chile,2012,6.599128723,75.4,47.6,8.4,0.00974,98.8,12.8,12.4,45.6,23.3,61.9
Chile,2013,6.74015379,78,47.5,8.26,0.00992,99.2,13,12.5,45.4,23.5,62
Chile,2014,6.844238281,78,47.5,8.1,0.00998,99.8,13.2,12.6,45.3,23.7,62.2
Chile,2015,6.532749653,78.4,47.5,7.89,0.0103,99.9,13.3,12.8,45.2,23.9,62.3
Colombia,2006,6.024942875,64,54.6,20.9,0.00033,79.5,9.31,8.86,51,39.5,66
Colombia,2007,6.138411522,64.7,54.5,20.3,0.00038,80,9.48,8.99,50,40,66.8
Colombia,2008,6.168395042,65.4,54.7,19.7,0.00038,80.6,9.65,9.13,49.1,40.5,67.6
Colombia,2009,6.271604538,65.5,54.6,19.1,0.00044,81.2,9.81,9.26,48.3,40.9,68.4
Colombia,2010,6.40811348,65.5,54.2,18.5,0.00047,81.8,9.98,9.4,47.6,41.4,69
Colombia,2011,6.463952541,66.3,53.7,17.9,0.00048,82.3,10.1,9.53,47,41.8,69.8
Colombia,2012,6.374879837,66.3,53.4,17.3,0.00048,82.8,10.3,9.67,46.6,42.3,70.7
Colombia,2013,6.606550694,65.5,52.7,16.8,0.00048,83.4,10.5,9.81,46.2,42.7,70.5
Colombia,2014,6.44878912,65.5,52.1,16.2,0.00045,83.9,10.6,9.94,45.9,43.1,70.4
Colombia,2015,6.387571812,66.2,51.7,15.7,0.00048,84.4,10.8,10.1,45.6,43.5,70.6
Comoros,2009,3.47602725,35,50.6,89.8,0,31.5,5.2,6.73,79.4,362,42
Comoros,2010,3.81219101,34.1,49.6,87.1,0,32,5.33,6.85,78.6,371,42.1
Comoros,2011,3.838485956,35.2,48.5,84.8,0,32.5,5.47,6.98,78.1,380,42.3
Comoros,2012,3.955640316,35.2,47.5,82.3,0,33.1,5.61,7.11,77.5,389,42.4
Congo Dem. Rep.,2011,4.509824276,21.5,42.1,111,0.229,20.4,5.7,8.41,97.5,29.4,72.5
Congo Dem. Rep.,2012,3.919341803,19.2,42.1,108,0.0943,20.2,5.84,8.55,97.4,30.4,72.5
Congo Dem. Rep.,2013,3.954950571,18.3,42.1,104,0.159,20,5.97,8.68,97.1,31.5,72.5
Congo Dem. Rep.,2014,4.05601263,17.5,42.1,101,0.162,19.9,6.12,8.81,96.6,32.5,72.5
Congo Dem. Rep.,2015,4.690830231,21.1,42.1,97.4,0.502,19.7,6.26,8.94,95.9,33.6,72.4
Congo Rep.,2009,3.983848572,29.1,48.4,65.1,2.69,14.1,7.87,9.48,84.2,12.5,69.4
Congo Rep.,2011,4.516963959,28.9,48.8,60.6,3.21,14.4,8.2,9.74,84.8,13.2,69.7
Congo Rep.,2012,4.63922739,28.9,48.9,59.2,2.18,14.6,8.36,9.87,85.4,13.6,69.8
Congo Rep.,2013,4.497477055,28.9,48.9,57.9,1.1,14.8,8.52,10,85.8,13.9,69.9
Congo Rep.,2014,4.414299965,28.9,48.9,56.4,1.16,14.9,8.69,10.1,86.1,14.3,69.8
Congo Rep.,2015,3.902741671,29.1,48.9,54.9,0.926,15,8.85,10.3,86.2,14.6,69.8
Costa Rica,2006,7.082465172,80.4,48.6,10.4,0.265,95.5,9.51,8.81,50.1,84.4,62.2
Costa Rica,2007,7.432132244,80.4,49.1,10.3,0.39,95.7,9.66,8.94,49.2,85.6,63
Costa Rica,2008,6.850679874,80.4,49.2,10.3,0.406,95.9,9.82,9.07,48.5,86.8,62.6
Costa Rica,2009,7.614928722,80.4,49.1,10.2,0.423,96.1,9.97,9.21,47.8,87.9,62
Costa Rica,2010,7.271053791,80.4,48.9,10.1,0.426,96.3,10.1,9.34,47.1,89,60.5
Costa Rica,2011,7.228888512,81,49.1,9.93,0.433,96.5,10.3,9.48,46.7,90.1,62
Costa Rica,2012,7.272250175,81,48.7,9.7,0.436,96.7,10.4,9.62,46.3,91.2,61.4
Costa Rica,2013,7.158000469,80.3,48.7,9.46,0.434,96.8,10.6,9.75,45.9,92.2,61.6
Costa Rica,2014,7.247086048,80.3,48.7,9.24,0.433,97,10.8,9.89,45.6,93.2,62.9
Costa Rica,2015,6.854004383,79.6,48.7,9.05,0.0746,97.1,10.9,10,45.4,94.2,62.2
Croatia,2007,5.820907593,70.4,32.3,6.15,0.0376,97.3,11.3,10.8,48.9,78,53.1
Croatia,2009,5.433319569,69.3,32.3,5.67,0.0285,97.3,11.7,11,49.1,77.6,53.3
Croatia,2010,5.595575333,68.1,32.2,5.47,0.0216,97.3,11.8,11.2,49.3,77.3,52.7
Croatia,2011,5.385372639,67.3,31.9,5.3,0.0191,97.4,12,11.3,49.7,77.1,51.9
Croatia,2012,6.027634621,69.3,31.7,5.16,0.0169,97.4,12.1,11.4,50,76.8,51.4
Croatia,2013,5.885462761,69.3,32,5.05,0.016,97.4,12.3,11.5,50.2,76.4,50.9
Croatia,2014,5.380692482,69.3,31.8,4.96,0.0171,97.4,12.4,11.7,50.5,76.1,52.4
Croatia,2015,5.205438137,69.3,31.5,4.88,0.0123,97.5,12.6,11.8,51.1,75.7,52.9
Cyprus,2006,6.237958431,76,30.9,4.57,0.0884,99.9,13.4,13.1,43.7,113,63.2
Cyprus,2009,6.833477497,75,31.8,3.79,0.263,99.7,13.8,13.4,42,119,63.6
Cyprus,2010,6.386546135,72.9,32.4,3.57,0.305,99.6,14,13.6,41.5,120,64
Cyprus,2011,6.689608574,72.9,33.5,3.37,0.311,99.6,14.1,13.7,41.4,122,63.2
Cyprus,2012,6.180507183,72.9,34.2,3.19,0.32,99.5,14.3,13.8,41.4,123,62.8
Cyprus,2013,5.438952446,72.9,34.7,3.03,0.339,99.5,14.4,13.9,41.4,124,62.7
Cyprus,2014,5.627123833,74,35,2.87,0.445,99.4,14.5,14,41.5,125,63.2
Cyprus,2015,5.439161301,75.3,34.9,2.74,0.609,99.4,14.6,14.1,41.6,126,62.6
Czech Republic,2007,6.500194073,81.8,26.4,3.92,0.0197,99.1,13.5,13.2,40.6,134,58.9
Czech Republic,2010,6.249617577,81.9,26.3,3.38,0.0232,99.1,13.8,13.5,42.1,136,58.3
Czech Republic,2011,6.331490993,81.9,26.3,3.25,0.0232,99.1,14,13.7,43.4,137,58.2
Czech Republic,2012,6.334149361,81.9,26.3,3.16,0.0265,99.1,14.1,13.8,44.8,137,58.7
Czech Republic,2013,6.697655678,80.6,26.2,3.11,0.0281,99.1,14.2,13.9,46.3,137,59.4
Czech Republic,2014,6.483729839,79.4,26,3.11,0.0296,99.1,14.3,14,47.9,137,59.4
Czech Republic,2015,6.608017445,79.4,26,3.15,0.0344,99.1,14.5,14.1,49.5,137,59.6
Denmark,2007,7.834233284,95.2,25.8,4.47,0.49,99.6,14.1,13.7,51.9,129,65.8
Denmark,2008,7.970891953,95.2,26.2,4.31,0.426,99.6,14.2,13.8,52.2,130,66.1
Denmark,2009,7.683358669,95.2,26.5,4.19,0.368,99.6,14.4,13.9,52.6,130,65.3
Denmark,2010,7.770515442,95.2,26.8,4.11,0.323,99.6,14.5,14,53,131,64.4
Denmark,2011,7.78823185,95.2,27.5,4.07,0.24,99.6,14.6,14.1,53.5,132,64
Denmark,2012,7.519909382,95.2,27.8,4.07,0.211,99.6,14.8,14.2,54,132,63.2
Denmark,2013,7.588606834,93.8,28,4.11,0.234,99.6,14.9,14.3,54.5,133,62.3
Denmark,2014,7.507559299,91.1,28.2,4.16,0.314,99.6,15,14.4,55.2,133,62.1
Denmark,2015,7.514424801,91.1,28.3,4.22,0.48,99.6,15.1,14.5,55.9,134,62
Djibouti,2008,5.009330273,23.7,43.1,81.3,1.13,51.2,3.33,7.47,64,35.5,59.6
Djibouti,2009,4.905925274,22.9,43.6,78.7,1.46,51.2,3.43,7.6,62.4,36.1,59.5
Djibouti,2011,4.369193554,26.8,44.3,74.1,2.38,51.2,3.63,7.87,60.3,37.4,59.2
Dominican Republic,2006,5.087967873,61.3,50,36.1,0,80.8,9.64,8.82,63,194,65.1
Dominican Republic,2007,5.081305981,61.6,49.3,35.6,0,81.1,9.8,8.95,62.2,197,65.3
Dominican Republic,2008,4.84230566,62,48.7,35.1,0,81.3,9.97,9.08,61.4,199,63.9
Dominican Republic,2009,5.431613922,62,47.8,34.6,0,81.6,10.1,9.21,60.6,202,62.5
Dominican Republic,2010,4.735021114,62,47.2,34.2,0.00618,81.8,10.3,9.35,60,205,63.9
Dominican Republic,2011,5.396535397,62,47.1,33.8,0.00606,82,10.5,9.48,59.4,208,65.3
Dominican Republic,2012,4.753311157,64.9,46.2,33.3,0.00763,82.2,10.6,9.61,58.9,210,65.7
Dominican Republic,2013,5.015515327,67.4,45.7,32.7,0.00718,82.4,10.8,9.75,58.5,213,65.8
Dominican Republic,2014,5.387331963,66.7,45.3,32.1,0.00598,82.5,10.9,9.88,58.1,215,66.3
Dominican Republic,2015,5.061862469,66.7,45.3,31.3,0.00598,82.7,11.1,10,57.8,218,66.7
Ecuador,2006,5.02419138,56.4,52.4,21.9,0.0838,77.2,9.78,9.46,61,56.2,70.3
Ecuador,2007,4.995875359,56.4,51.4,21,1.85,78.2,9.94,9.6,60.3,57.2,69.4
Ecuador,2008,5.296513081,56.4,50.5,20.1,0.698,79.2,10.1,9.73,59.6,58.2,68.5
Ecuador,2009,6.021803379,57,49.2,19.2,0.789,80.2,10.3,9.87,59,59.2,67.5
Ecuador,2010,5.838051319,57.7,47.8,18.3,0.808,81.2,10.4,10,58.3,60.1,65.1
Ecuador,2011,5.795088291,57.2,47.2,17.5,0.81,82.2,10.6,10.1,57.7,61.1,64.3
Ecuador,2012,5.960716248,57.8,46.5,16.8,0.8,83.2,10.8,10.3,57.1,62.1,64.9
Ecuador,2013,6.019206047,58.7,46,16.1,0.784,84.2,10.9,10.4,56.5,63.1,64.3
Ecuador,2014,5.945851803,58.7,45.8,15.6,0.766,85.2,11.1,10.6,55.9,64,64.1
Ecuador,2015,5.964075089,58.7,45.6,15.1,0.75,86.1,11.2,10.7,55.6,65,66.6
Egypt,2009,5.066164494,34.8,31.3,30.2,0.116,92.9,8.06,10.2,58.3,82.8,48.8
Egypt,2010,4.668916225,30.7,31.2,29,0.115,92.9,8.23,10.3,58.4,84.5,49.3
Egypt,2011,4.174158573,39.5,30.9,27.8,0.112,93,8.4,10.5,58.6,86.3,48.9
Egypt,2012,4.204156876,45.6,30.8,26.6,0.127,93,8.56,10.6,59.5,88.2,49
Egypt,2013,3.558520317,32.7,30.9,25.5,0.26,93.1,8.73,10.7,60.7,90.2,49.4
Egypt,2014,4.885072708,31.6,31,24.6,0.261,93.1,8.89,10.9,61.7,92.2,48.7
Egypt,2015,4.762538433,31.8,31.2,23.6,0.23,93.2,9.06,11,62.3,94.2,48
El Salvador,2006,5.700929642,62.2,46.8,23.6,0.00064,85.1,7.75,8.1,66.3,292,61.4
El Salvador,2007,5.295535088,63.1,46.4,22.4,0.00064,85.8,7.91,8.24,64.9,294,61.9
El Salvador,2008,5.191493988,64,45.4,21.3,0.00052,86.5,8.07,8.37,63.6,295,61.7
El Salvador,2009,6.839087009,64.3,44.8,20.2,0.00049,87.2,8.23,8.51,62.3,296,61.6
El Salvador,2010,6.739911079,64.7,44.1,19.3,0.00061,87.9,8.39,8.65,60.9,298,61.3
El Salvador,2011,4.741294861,64.7,43.4,18.3,0.00061,88.5,8.55,8.78,59.5,299,61.6
El Salvador,2012,5.934371471,64.7,42.5,17.4,0.00072,89.2,8.72,8.92,58,300,61.8
El Salvador,2013,6.325063229,65.3,41.9,16.7,0.0007,89.9,8.88,9.06,56.5,302,62.2
El Salvador,2014,5.856523514,65.3,41.5,16,0.00056,90.5,9.05,9.2,55.3,303,61.8
El Salvador,2015,6.018496037,66.4,41.1,15.3,0.00076,91.1,9.21,9.34,54.3,305,61.4
Estonia,2006,5.371054649,77.4,32.9,6.5,0.00037,99.3,13.2,12.3,47.1,31.8,60.6
Estonia,2007,5.332044125,77.1,32.3,5.94,0.00134,99.3,13.4,12.4,47.2,31.7,60.7
Estonia,2008,5.451937675,76.8,32,5.43,0.00164,99.4,13.5,12.5,47.5,31.6,61.3
Estonia,2009,5.137738705,76.8,31.8,4.98,0.0018,99.4,13.6,12.7,47.9,31.5,60.9
Estonia,2011,5.486819744,76.1,32.8,4.22,0.00377,99.5,13.9,12.9,49.4,31.3,61.2
Finland,2011,7.354225159,90.6,27.4,2.9,0.17,99.4,14.6,13.8,51.7,17.7,59.8
Finland,2012,7.420209408,90.6,27.3,2.73,0.183,99.4,14.7,13.9,53,17.8,59.7
Finland,2013,7.444635868,90.3,27.2,2.56,0.207,99.4,14.8,14,54.8,17.9,59
Finland,2014,7.384571075,90.3,27.1,2.38,0.216,99.4,14.9,14.1,56.6,18,58.9
Finland,2015,7.447925568,90.3,27.1,2.2,0.232,99.4,15.1,14.2,58.3,18,58.8
France,2006,6.582700253,80.7,31.1,4.47,0.237,98.7,12.7,12.1,54.1,112,56
France,2008,7.008064747,80.7,32.3,4.34,0.275,98.7,13,12.4,54.2,114,56.2
France,2009,6.283498287,79.2,33,4.31,0.314,98.7,13.2,12.5,54.5,114,56.4
France,2010,6.797901154,77.7,33.2,4.27,0.319,98.7,13.3,12.6,55,115,56.3
France,2011,6.959185123,77.7,33.1,4.24,0.332,98.7,13.5,12.8,55.8,116,56
Estonia,2012,5.363927841,76.1,33.4,3.91,0.00476,99.5,14.1,13,50.3,31.3,61.3
Estonia,2013,5.367445946,76.1,33.5,3.64,0.00531,99.5,14.2,13.1,51.3,31.2,61.3
Estonia,2014,5.55598259,77.4,33.6,3.4,0.00684,99.6,14.3,13.3,52.3,31.1,61.2
Estonia,2015,5.628908634,78.5,33.5,3.18,0.0128,99.6,14.5,13.4,53.5,31,62.2
Ethiopia,2013,4.44482708,38.3,35.5,70.5,0.455,6.52,3.57,5.9,85.6,94.9,83.3
Ethiopia,2014,4.506646633,37.2,36.7,66.8,0.672,6.8,3.66,6.01,83.6,97.4,82.9
Ethiopia,2015,4.573154926,38.3,37.7,63.5,0.73,7.08,3.75,6.12,81.6,99.9,82.6
Finland,2006,7.672449112,92.5,27.9,3.64,0.224,99.4,13.9,13.2,50.1,17.4,61
Finland,2008,7.67062664,92.5,27.9,3.36,0.124,99.4,14.2,13.4,50,17.5,61.5
Finland,2010,7.393264294,91.9,27.5,3.06,0.163,99.4,14.4,13.7,50.7,17.7,59.8
France,2012,6.649365425,78.8,33,4.21,0.343,98.7,13.6,12.9,56.8,116,56.2
France,2013,6.66712141,79.2,32.8,4.17,0.364,98.7,13.8,13,58,117,56.1
France,2014,6.466867924,80.4,32.7,4.13,0.393,98.7,13.9,13.1,59.2,117,55.8
France,2015,6.357625008,79.2,32.6,4.1,0.424,98.7,14,13.2,60.3,118,55.6
Gabon,2011,4.255400658,34.8,40.1,60.4,0.105,40.4,9.6,9.7,75.7,6.59,49.5
Gabon,2012,3.97205925,35.6,39.8,58,0.095,40.6,9.73,9.83,75,6.82,49.8
Gabon,2013,3.800287008,37.6,39.4,55.7,0.0877,40.7,9.88,9.95,74.4,7.05,50.1
Gabon,2014,3.918073177,37.6,39.1,53.5,0.0538,40.8,10,10.1,73.8,7.28,50.5
Gabon,2015,4.66101265,37.6,38.7,51,0.0484,40.9,10.2,10.2,73.1,7.49,50.9
Georgia,2006,3.675108433,#N/A,37.4,21.3,0.0328,92.1,13.3,12.9,48.5,63.9,63.4
Georgia,2007,3.707194567,#N/A,37.7,19.1,0.0251,91.2,13.5,13,47.6,63.2,63.4
Georgia,2008,4.15609026,#N/A,38.3,17.2,0.024,90.4,13.6,13.1,46.6,62.5,63.5
Georgia,2009,3.800639153,#N/A,38.8,15.6,0.0211,89.6,13.8,13.2,45.8,61.7,63.7
Georgia,2010,4.101837158,#N/A,38.9,14.2,0.0156,88.8,13.9,13.4,45.4,60.9,64.8
Georgia,2011,4.203030586,#N/A,39,13,0.0113,88,14,13.5,45.5,60,66
Georgia,2012,4.254445553,#N/A,38.8,12.1,0.0115,87.2,14.2,13.6,45.6,59.1,67.2
Georgia,2013,4.348920822,#N/A,38.1,11.4,0.0209,86.4,14.3,13.7,45.6,58.2,66.7
Georgia,2014,4.287508011,#N/A,37.5,10.9,0.0212,85.6,14.4,13.8,45.6,57.5,67.1
Georgia,2015,4.121940613,#N/A,37,10.5,0.0492,84.9,14.6,13.9,45.7,56.9,68.1
Germany,2007,6.416819572,88.2,31,4.49,0.712,99.2,13.1,13,50.7,233,59.2
Germany,2009,6.64149332,86,30.7,4.27,0.734,99.2,13.4,13.3,51.6,232,59.4
Germany,2010,6.724531174,83.8,30.6,4.18,0.735,99.2,13.5,13.4,51.8,232,59.4
Germany,2011,6.621312141,83.4,30.7,4.09,0.707,99.2,13.7,13.5,51.8,232,60
Germany,2012,6.702362061,83.4,30.8,4.02,0.728,99.2,13.8,13.6,51.7,233,60
Germany,2013,6.965125084,83.1,31.1,3.96,0.231,99.2,14,13.8,51.6,233,60.3
Germany,2014,6.984214306,86.4,31.4,3.9,0.266,99.2,14.1,13.9,51.6,234,60.4
Germany,2015,7.037137508,86.4,31.6,3.86,0.387,99.2,14.2,14,51.8,234,60.3
Ghana,2006,4.535019875,53.5,42.5,81.8,0.201,12.4,5.92,7.98,76.9,97.2,75.5
Ghana,2007,5.220148087,53.5,42.6,79.3,0.152,12.7,6.04,8.1,76.3,99.8,75.7
Ghana,2008,4.965134621,53.5,42.7,76.4,0.0773,12.9,6.17,8.23,75.6,102,75.8
Ghana,2009,4.197695732,56.9,42.6,73.2,0.0565,13.1,6.3,8.35,74.9,105,76
Ghana,2010,4.606251717,60.2,42.5,69.9,0.0558,13.3,6.43,8.47,74.3,108,76.1
Ghana,2011,5.608199596,60.2,42.5,66.6,0.0535,13.5,6.57,8.6,73.9,110,76.4
Ghana,2012,5.057261944,60.2,42.4,63.3,0.0616,13.7,6.7,8.73,73.8,113,76.6
Ghana,2013,4.965053082,63.3,42.4,60.2,0.0702,13.9,6.84,8.85,73.6,116,76.8
Ghana,2014,3.860351086,63.3,42.4,57.4,0.0678,14.1,6.98,8.98,73.4,118,76.7
Ghana,2015,3.985916138,68.6,42.4,54.7,0.0625,14.3,7.12,9.11,73,121,76.7
Greece,2007,6.646961212,81.3,34.2,4.11,0.02,97.7,12.7,12.3,50.1,88.3,53.8
Greece,2009,6.038574696,80.3,34,3.91,0.0155,98.1,13,12.6,50.4,88.8,54.3
Greece,2010,5.839558601,79.2,34.5,3.91,0.0133,98.2,13.1,12.7,50.7,88.8,54.4
Greece,2011,5.372039795,76.5,35,3.97,0.0145,98.3,13.3,12.9,51.4,88.6,53.8
Greece,2012,5.096354008,76.5,35.4,4.08,0.0195,98.4,13.4,13,52.5,88.3,53.6
Greece,2013,4.720251083,76.5,35.8,4.23,0.0324,98.5,13.6,13.1,53.7,87.8,53.3
Greece,2014,4.75623703,74.5,36,4.42,0.0963,98.6,13.7,13.2,55.1,87.4,53
Greece,2015,5.622519016,74.5,36,4.58,0.233,99,13.9,13.4,56.2,87,53.1
Guatemala,2006,5.901429176,60.7,54.1,40.8,0.00285,62.6,5.38,6.41,82.8,125,66.7
Guatemala,2007,6.329581261,60.7,53.6,39.2,0.00277,63.1,5.51,6.54,81.5,128,65.7
Guatemala,2008,6.414494514,60.7,53,37.8,0.00093,63.7,5.65,6.66,80,131,64.7
Guatemala,2009,6.451916218,60.6,52.2,36.4,0.00092,64.2,5.78,6.78,78.6,134,63.7
Guatemala,2010,6.289748669,60.5,51.4,35,0.00094,64.7,5.92,6.91,77.2,137,62.7
Guatemala,2011,5.743353844,58.8,50.7,33.7,0.00098,65.3,6.06,7.03,75.8,140,61.7
Guatemala,2012,5.855717182,58.8,49.9,32.4,0.00104,65.8,6.21,7.16,74.5,143,66.4
Guatemala,2013,5.984601498,58.1,49.2,31.2,0.00103,66.3,6.35,7.29,73.3,146,61.3
Guatemala,2014,6.536030769,58.1,48.8,30.1,0.00103,66.8,6.5,7.42,72.1,149,61.9
Guatemala,2015,6.464986801,59.2,48.5,29,0.00139,67.4,6.65,7.55,70.9,152,61.5
Guinea,2011,4.044569492,27.9,35.1,115,0.159,18.5,1.82,4.61,86.3,44.9,64.7
Guinea,2012,3.651554823,27.9,34.4,113,0.0974,19.3,1.88,4.71,85.8,45.9,64.6
Guinea,2013,3.901793003,28.4,34,111,0.0786,20.2,1.94,4.81,85.2,47,64.5
Guinea,2014,3.4124825,30.1,33.7,109,0.0786,21.1,2,4.92,84.5,48,64.4
Guinea,2015,3.504693508,31.4,33.7,107,0.0773,22,2.07,5.03,83.8,49.2,64.4
Guyana,2007,5.992826462,61.4,43.2,39.8,0,82,9.55,9.19,66.8,3.8,56.2
Haiti,2006,3.754156113,41.9,55.6,87.2,0,22.9,5.53,6.99,72,341,64.8
Haiti,2008,3.846329212,41.9,54,83.3,0.00003,24.9,5.82,7.26,69.9,352,65.3
Haiti,2010,3.76599884,40,52.5,209,0,26.8,6.12,7.52,67.6,363,65.9
Haiti,2011,4.844573975,40,51.9,78,0,27.7,6.27,7.66,66.6,368,66.2
Haiti,2012,4.413475037,39.6,51.4,76.2,0,28.6,6.43,7.79,65.5,373,66.6
Haiti,2013,4.62196207,39.4,51.1,74.4,0,29.5,6.58,7.93,64.3,379,66.9
Haiti,2014,3.888778448,38.2,50.9,72.5,0.00003,30.4,6.74,8.06,63.2,384,67.3
Haiti,2015,3.569762468,39.4,50.9,70.6,0.00003,30.5,6.9,8.2,62.3,389,67.6
Honduras,2006,5.396519661,62.5,57.3,28.1,0.00029,69.5,7.14,6.75,75.9,67.4,61.6
Honduras,2007,5.09715414,62.1,55.9,26.9,0.00028,70.7,7.3,6.87,73.8,68.9,62.4
Honduras,2008,5.420331001,61.8,54.6,25.7,0.0003,71.9,7.45,7,71.6,70.4,63.3
Honduras,2009,6.033189297,59.7,54.4,24.6,0.00023,73,7.61,7.13,69.5,71.8,64.1
Honduras,2010,5.866131306,57.6,54.4,23.6,0.00017,74.2,7.77,7.26,67.4,73.2,64.3
Honduras,2011,4.961031437,58.4,53.9,22.7,0.0002,75.3,7.93,7.39,65.3,74.6,62.8
Honduras,2012,4.602218151,58.4,53.7,21.8,0.00019,76.5,8.09,7.52,63.3,76,61.3
Honduras,2013,4.713358402,58.4,53,21,0.00018,77.6,8.26,7.65,61.3,77.4,63.5
Honduras,2014,5.055726051,58.4,51.7,20.2,0.00029,78.7,8.42,7.78,59.4,78.7,65.6
Honduras,2015,4.845436573,58.4,50.5,19.5,0.00033,79.8,8.58,7.91,57.8,80.1,67.9
China,2006,4.560495377,29.7,41.5,21.9,0.0225,66.2,8.35,9.81,37,142,72.8
China,2008,4.84629488,30.4,42.3,18.5,0.0222,68.1,8.67,10.1,35.3,143,71.9
China,2009,4.454360962,30.9,42.5,17,0.0221,69.1,8.83,10.2,34.8,144,71.5
China,2010,4.652736664,31.4,42.5,15.8,0.022,70.1,8.99,10.3,34.5,145,71
China,2011,5.037207603,31.4,41.9,14.6,0.0219,71.1,9.16,10.5,34.5,146,70.7
China,2012,5.094917297,30,41.3,13.5,0.0217,72.1,9.32,10.6,34.7,146,70.5
China,2014,5.195619106,30,40,11.6,0.0215,74.1,9.65,10.9,35.8,148,70
Hungary,2007,4.953917027,74.8,29,6.85,0.0811,98,12.8,12.4,45.5,111,50.4
Hungary,2009,4.894600391,73.3,28.5,6.22,0.0607,98,13.1,12.6,45.6,110,50
Hungary,2010,4.725132465,72.1,28.8,6,0.0545,98,13.2,12.8,45.7,110,50.5
Hungary,2011,4.917602539,70.4,29.6,5.86,0.0516,98,13.3,12.9,46,109,50.8
Hungary,2012,4.683358192,69.6,30.4,5.74,0.0411,98,13.5,13,46.4,109,51.6
Hungary,2013,4.914466858,69.6,30.6,5.6,0.0248,98,13.6,13.1,46.7,109,52.1
Hungary,2014,5.18056345,69,30.8,5.4,0.0292,98,13.8,13.2,47.2,108,53.6
Hungary,2015,5.34438324,68.4,30.7,5.14,0.0449,98,13.9,13.4,47.9,108,54.8
Iceland,2008,6.888284206,96.5,29.3,2.83,0.0158,98.8,13.9,13.1,49.8,3.1,76.1
Iceland,2012,7.590660095,96.5,26.6,2.43,0.0184,98.8,14.5,13.6,50,3.25,74.4
Iceland,2013,7.501394272,96.5,26.9,2.34,0.0241,98.8,14.6,13.7,50.4,3.26,75.1
Iceland,2015,7.498070717,95.8,27.3,2.18,0.0542,98.8,14.9,13.9,51.6,3.29,77
India,2007,5.02679348,77.4,34.4,67.9,0.0137,32.2,4.75,7.47,58.7,397,58.4
India,2008,5.145833015,78,34.6,64.7,0.0154,33.7,4.87,7.6,57.9,403,57.4
India,2009,4.521517754,75.4,34.7,61.4,0.0152,35.2,5,7.73,57.1,408,56.3
India,2010,4.989277363,72.8,34.9,58.2,0.015,36.7,5.13,7.87,56.3,414,55.3
India,2011,4.634871483,73,35,55.1,0.0148,38.2,5.26,8,55.5,419,54.6
India,2012,4.720146656,75.2,35.1,52.1,0.0147,39.7,5.39,8.13,54.7,425,54
India,2013,4.427788734,76.9,35.1,49.1,0.0147,41.2,5.52,8.26,53.9,430,54
India,2014,4.424379349,79.2,35.1,46.3,0.0154,42.7,5.66,8.4,53.1,435,54
India,2015,4.342079163,77.4,35.1,43.6,0.0154,44.2,5.79,8.53,52.4,440,53.9
Indonesia,2006,4.946978092,64.1,33.8,40.1,0.00013,54.2,8,8.88,52.5,127,67.5
Indonesia,2007,5.101213932,63.8,34.4,38.5,0.00014,55.8,8.18,9.02,51.9,129,67.5
Indonesia,2008,4.815309525,63.4,35.2,37,0.00016,57.4,8.35,9.16,51.5,130,67.5
Indonesia,2009,5.472361088,64.3,36.4,35.5,0.00033,59,8.53,9.29,51.3,132,67.7
Indonesia,2010,5.457299232,65.3,37.3,34.1,0.00034,60.5,8.7,9.43,51.1,134,67.9
Indonesia,2011,5.172608376,65.3,38.2,32.8,0.00041,62,8.87,9.57,50.6,136,67.7
Indonesia,2012,5.36777401,67.6,39,31.5,0.00073,63.5,9.05,9.71,50.2,137,67.6
Indonesia,2013,5.292237759,68.2,39.7,30.3,0.00127,65,9.22,9.85,49.9,139,67.3
Indonesia,2014,5.597375393,69.5,39.4,29.1,0.00167,66.4,9.39,9.99,49.5,141,67.1
Indonesia,2015,5.04279995,70.3,39.1,28,0.00231,67.9,9.56,10.1,49,143,65.8
Iran,2007,5.336371422,28.8,43.4,23.1,1.35,87.8,8.46,10,41.7,44.2,45.4
Iran,2008,5.128988266,28.3,42.9,21.8,1.36,87.9,8.65,10.2,40.7,44.7,43.3
Iraq,2008,4.589844704,40,28.8,36.9,0.139,81.7,6.8,8.78,82.6,67,46.9
Iraq,2009,4.775316715,40,29,35.8,0.122,82.5,6.95,8.92,82.5,68.8,47
Iraq,2010,5.065462112,40,29.2,34.8,0.117,83.3,7.1,9.05,82.3,70.8,46.8
Iraq,2011,4.725366116,40.3,29.3,33.7,0.115,84.1,7.26,9.19,81.7,73,46.7
Iraq,2012,4.659508705,41,29.4,32.6,0.31,84.9,7.41,9.33,80.9,75.5,46.2
Iraq,2014,4.541502476,42.3,29.5,30.5,0.788,85.7,7.72,9.6,79.2,80.6,46.5
Iraq,2015,4.493377209,40.8,29.5,29.5,0.781,85.7,7.88,9.73,78.7,83.2,46.6
Ireland,2006,7.144246578,90.1,32.6,4.86,0.187,90,13.3,12.7,44.6,62.5,63.3
Ireland,2008,7.568029881,90.1,32.1,4.44,0.22,90.5,13.6,13,45.5,65.2,63.5
Ireland,2009,7.045911312,89,32.1,4.3,0.213,90.7,13.7,13.1,46.1,66.3,62.2
Ireland,2010,7.257389545,87.9,32.4,4.17,0.2,91,13.8,13.2,46.8,67.2,61.2
Ireland,2011,7.006904125,85.6,32.9,4.07,0.18,91.2,14,13.3,48.1,67.7,60.6
Ireland,2012,6.964645386,85.6,32.8,3.98,0.137,91.5,14.1,13.5,49.5,67.9,60.3
Ireland,2013,6.760085106,86.8,32.7,3.92,0.13,91.7,14.3,13.6,50.9,68,60.6
Ireland,2014,7.018379211,87.2,32.4,3.87,0.127,91.9,14.4,13.7,52.3,68,60.3
Ireland,2015,6.830125332,88.5,32.2,3.83,0.132,92.2,14.5,13.8,53.7,68.2,60.2
Israel,2007,6.841114998,73.8,41.5,5.1,0.0169,100,14.7,14.3,60.3,320,62.7
Israel,2008,7.261261463,74.8,41.7,4.9,0.13,100,14.9,14.4,60.2,328,62.8
Israel,2009,7.352979183,74.8,41.8,4.72,0.247,100,15,14.5,60.2,336,62.7
Israel,2010,7.358916283,74.8,41.9,4.56,0.347,100,15.1,14.6,60.4,343,63
Israel,2011,7.433147907,75.3,41.9,4.4,0.551,100,15.2,14.7,61,350,62.9
Israel,2012,7.110854626,75.3,41.7,4.25,0.637,100,15.3,14.8,61.8,356,63.6
Israel,2013,7.320563316,75.3,41.5,4.12,0.623,100,15.4,14.9,62.6,361,63.7
Israel,2014,7.400570393,76.3,41.4,4.01,0.506,100,15.6,15,63.4,367,64.2
Israel,2015,7.07941103,77.7,41.4,3.92,0.413,100,15.7,15.1,64.1,373,64.1
Italy,2007,6.574412346,78.5,33.6,4.23,0.0648,99.3,13.2,12.8,51.4,202,48.6
Italy,2008,6.779774189,79.8,33.8,4.14,0.0799,99.3,13.3,12.9,51.7,202,48.9
Italy,2009,6.333800316,79,34.1,4.06,0.093,99.3,13.4,13,52.1,203,48.3
Italy,2010,6.354238033,78.3,34.5,3.97,0.0951,99.3,13.6,13.2,52.6,203,48
Italy,2011,6.057086468,77.4,34.7,3.88,0.0974,99.3,13.7,13.3,53.3,203,47.9
Italy,2012,5.839313984,77.4,34.9,3.78,0.108,99.3,13.9,13.4,54.1,203,48.7
Italy,2013,6.009373665,78.5,35,3.68,0.127,99.3,14,13.5,54.9,203,48.3
Italy,2014,6.026585102,78.5,35.1,3.56,0.155,99.3,14.1,13.6,55.8,203,48.5
Italy,2015,5.847683907,79.8,35.2,3.43,0.195,99.3,14.3,13.8,56.5,202,48.4
Cote d'Ivoire,2009,4.197181702,31.4,42.8,111,0.123,26.8,3.29,5.73,87.9,62.7,61.2
Cote d'Ivoire,2013,3.739365578,32.5,42,96.7,0.0135,28.9,3.67,6.17,85.2,69.1,58.9
Cote d'Ivoire,2014,3.570368528,35.3,41.8,93.3,0.0085,29.4,3.77,6.29,84.4,70.9,58.4
Cote d'Ivoire,2015,4.445038795,33.1,41.6,90,0.00852,29.9,3.87,6.4,83.5,72.7,57.9
Jamaica,2006,6.207881927,73.4,45.5,19.8,0,84.5,11.4,10.7,61,255,66
Jamaica,2011,5.374446392,71.3,45.5,17.8,0.00071,85,12.2,11.4,53.8,261,66.5
Jamaica,2013,5.708886623,73.9,45.5,16.9,0.00073,85.3,12.5,11.7,50.8,263,66.7
Jamaica,2014,5.310538769,73.9,45.5,16.4,0.00077,85.4,12.7,11.8,49.5,264,66.7
Japan,2007,6.238197803,82,32,3.52,0.0014,100,14.5,14.3,52.8,352,60.7
Japan,2008,5.91067934,82.5,31.9,3.41,0.00157,100,14.7,14.4,54,353,60.6
Japan,2009,5.844999313,81.7,32.1,3.3,0.00181,100,14.8,14.5,55.3,353,60.4
Japan,2010,6.056752682,80.8,32.1,3.2,0.00201,100,14.9,14.6,56.8,353,60.1
Japan,2011,6.262793541,80.8,32.1,3.4,0.00206,100,15,14.7,58.2,352,59.5
Japan,2013,5.959361553,80.8,32.1,2.91,0.00201,100,15.3,14.9,61.4,352,59.6
Japan,2014,5.922620773,80.8,32.1,2.82,0.002,100,15.4,15,63,352,59.8
Japan,2015,5.879684448,79.6,32.1,3.02,0.00193,100,15.5,15.1,64.5,351,60
Jordan,2007,5.59805727,39.3,33.9,22.1,38.4,97.9,11.1,11.4,68.9,69.8,42
Jordan,2009,5.999859333,38.4,33.3,20.9,35.3,97.6,11.4,11.6,68.2,76.8,42.6
Kazakhstan,2006,5.475948334,36.2,30.4,29.1,0.0284,97.2,12.7,12.3,47,5.81,69.7
Kazakhstan,2007,5.718553543,35.4,29.6,26.9,0.0273,97.3,12.8,12.4,46.3,5.87,70
Kazakhstan,2008,5.886419773,34.5,29,24.6,0.0274,97.4,13,12.5,45.5,5.93,70.3
Kazakhstan,2009,5.382563114,33.8,28.6,22.4,0.0271,97.4,13.1,12.7,45,5.99,70
Kazakhstan,2010,5.514286518,33,28.2,20.2,0.0271,97.5,13.2,12.8,44.9,6.07,70.3
Kazakhstan,2011,5.735662937,32.4,27.9,18.2,0.00374,97.6,13.4,12.9,45.6,6.17,70.4
Kazakhstan,2012,5.759469509,29.5,27.6,16.2,0.00337,97.6,13.5,13,46.6,6.27,70.5
Kazakhstan,2013,5.835483074,30.6,27.4,14.5,0.00343,97.7,13.7,13.1,47.7,6.37,70.6
Kazakhstan,2014,5.970097542,31.7,27.2,13.1,0.00366,97.7,13.8,13.3,48.9,6.48,70.9
Kazakhstan,2015,5.949995041,30.6,26.9,11.9,0.00403,97.8,13.9,13.4,50.3,6.57,70.9
Kenya,2006,4.223234177,50.8,46,74,0.724,30.5,7.79,8.96,83.7,65.1,65
Kenya,2007,4.575657845,49.4,45.7,69.1,0.687,30.4,7.94,9.08,83.3,66.9,65.3
Kenya,2008,4.015274525,47.9,45.3,63.9,0.806,30.3,8.09,9.21,83.1,68.8,65.6
Kenya,2009,4.270434856,47.5,44.7,59.6,0.878,30.2,8.24,9.33,82.9,70.7,65.8
Kenya,2010,4.255859375,47.1,44.2,56.5,0.959,30.2,8.39,9.46,82.7,72.7,65.9
Kenya,2011,4.405310154,47.1,43.6,54.1,1.31,30.1,8.54,9.58,82.5,74.7,66
Kenya,2012,4.547335148,47.1,43,52.2,1.27,30,8.69,9.71,82.2,76.7,66
Kenya,2013,3.795383215,51.3,42.5,50,1.18,30,8.84,9.83,81.9,78.8,65.8
Kenya,2014,4.904579639,51.3,41.9,48.2,1.18,29.9,8.99,9.96,81.4,80.9,65.7
Kenya,2015,4.357617855,53.3,41.5,46.3,1.16,29.8,9.14,10.1,80.9,83,65.6
Kosovo,2007,5.103906155,#N/A,#N/A,#N/A,#N/A,#N/A,#N/A,#N/A,#N/A,#N/A,#N/A
Kosovo,2009,5.891432762,#N/A,#N/A,#N/A,#N/A,#N/A,#N/A,#N/A,#N/A,#N/A,#N/A
Kosovo,2010,5.17660141,#N/A,#N/A,#N/A,#N/A,#N/A,#N/A,#N/A,#N/A,#N/A,#N/A
Kosovo,2011,4.859501839,#N/A,#N/A,#N/A,#N/A,#N/A,#N/A,#N/A,#N/A,#N/A,#N/A
Kosovo,2012,5.639588356,#N/A,#N/A,#N/A,#N/A,#N/A,#N/A,#N/A,#N/A,#N/A,#N/A
Kosovo,2013,6.125758171,#N/A,#N/A,#N/A,#N/A,#N/A,#N/A,#N/A,#N/A,#N/A,#N/A
Kosovo,2014,5.000375271,#N/A,#N/A,#N/A,#N/A,#N/A,#N/A,#N/A,#N/A,#N/A,#N/A
Kosovo,2015,5.077460766,#N/A,#N/A,#N/A,#N/A,#N/A,#N/A,#N/A,#N/A,#N/A,#N/A
Kuwait,2006,6.075547218,30.9,40,11.3,0.00211,100,10.9,10.6,38.4,133,68.4
Kuwait,2009,6.585246086,36.4,40,10.7,0.00783,100,11.5,11.1,35.2,158,69.4
Kuwait,2010,6.798151016,38.8,40,10.4,0.00615,100,11.7,11.2,34.1,168,70
Kyrgyz Republic,2006,4.641398907,40.8,34,37.6,0.00714,93.6,12.6,12.2,56.4,26.7,65.7
Kyrgyz Republic,2007,4.697761536,40.6,33,35.8,0.014,93.9,12.7,12.3,55,27.1,65.1
Kyrgyz Republic,2008,4.736588001,40.5,32.5,33.8,0.00714,94.3,12.8,12.4,53.8,27.4,64.5
Kyrgyz Republic,2009,5.06905365,41.8,30.6,31.6,0.00793,94.6,13,12.5,53,27.8,63.8
Kyrgyz Republic,2010,4.996410847,43.1,29.3,29.6,0.0453,94.9,13.1,12.6,52.6,28.3,64.1
Kyrgyz Republic,2011,4.921049118,43.4,28.8,27.7,0.11,95.3,13.3,12.7,52.6,28.7,64.5
Kyrgyz Republic,2012,5.207785606,46.9,28.2,26.1,0.0879,95.6,13.4,12.9,53.1,29.2,63.9
Kyrgyz Republic,2013,5.40242672,46.9,28,24.7,0.00813,95.9,13.5,13,53.7,29.6,62.5
Kyrgyz Republic,2014,5.252192974,52.4,27.8,23.6,0.00825,96.3,13.7,13.1,54.5,30.1,62.4
Kyrgyz Republic,2015,4.905375957,53.3,27.6,22.3,0.00594,96.6,13.8,13.2,55.3,30.6,62.4
Lao,2006,5.076225758,21,34.3,82.5,0,46.4,4.89,6.14,76.9,25.3,78.6
Lao,2007,5.363854885,21,34.7,78.7,0,49.5,5.02,6.27,74.6,25.8,78.4
Lao,2008,5.044098854,21,35.2,75,0,52.5,5.15,6.4,72.5,26.2,78.3
Lao,2011,4.703749657,21,36,64.8,0,61.3,5.55,6.78,67.2,27.4,78.1
Latvia,2006,4.70950222,73.7,36.7,9.84,0.00094,88.8,13.2,12.5,47.1,35.8,59
Latvia,2007,4.666971684,73,36.6,9.31,0.00132,89.2,13.3,12.6,47.3,35.3,60.2
Latvia,2008,5.145375252,72.3,35.9,8.82,0.00147,89.7,13.5,12.7,47.5,34.9,61.5
Latvia,2009,4.668910503,71.4,35.9,8.34,0.002,90.1,13.6,12.8,47.8,34.5,60.1
Latvia,2011,4.966811657,70.5,35.4,7.25,0.00454,91,13.9,13,48.9,33.6,58.6
Latvia,2012,5.125025272,70.5,35.3,6.64,0.00604,91.5,14,13.1,49.7,33.2,59.8
Latvia,2013,5.069770336,70.5,35.2,6.04,0.00782,91.9,14.2,13.3,50.4,32.8,59.5
Latvia,2014,5.729115486,74.8,34.9,5.47,0.00905,92.4,14.3,13.4,51.3,32.4,59.4
Latvia,2015,5.880597591,73.7,34.6,4.97,0.0104,92.9,14.4,13.5,52.2,32,60.2
Lebanon,2006,4.653103828,58.2,31.8,13.1,9,81.3,9.88,9.53,53.4,397,46.4
Lebanon,2008,4.594851017,56.2,31.8,11.4,9.92,84.4,10.2,9.81,49.9,402,46.2
Lebanon,2009,5.205998898,57.2,31.8,10.8,9.89,86,10.4,9.95,48.3,409,45.9
Lebanon,2010,5.031899452,58.2,31.8,10.2,9.36,87.6,10.6,10.1,47.3,424,45.7
Lebanon,2011,5.187571526,53.2,31.8,9.76,8.56,89.1,10.7,10.2,46.9,449,45.9
Lebanon,2012,4.572566986,50.5,31.8,9.33,10.4,90.7,10.9,10.4,46.9,481,46.2
Lebanon,2013,4.983288765,50.5,31.8,8.96,22.1,92.2,11.1,10.5,47.2,516,46.5
Lebanon,2014,5.233025551,51.2,31.8,8.6,25.7,93.8,11.2,10.7,47.5,548,46.7
Lebanon,2015,5.171971321,48.6,31.8,8.3,23.4,95.4,11.4,10.8,47.3,572,46.9
Lesotho,2011,4.89751482,63.3,54.1,97.8,0.0017,34.2,9.58,7.58,71.1,68,67.2
Liberia,2007,3.701401234,52.4,36.2,112,0.302,14.8,3.45,6.16,86.9,36.5,56.2
Liberia,2008,4.221354008,52.5,35.9,106,0.283,15.1,3.56,6.28,87,38,56.3
Liberia,2010,4.196063042,50.7,35.1,96.7,0.636,15.6,3.79,6.54,86.6,41,56.4
Liberia,2014,4.571419239,49.5,33.5,81.9,0.885,16.6,4.25,7.05,83.9,45.6,55.9
Liberia,2015,2.701591253,49.5,33.3,78.9,0.816,16.9,4.37,7.18,82.9,46.7,55.8
Libya,2012,5.754394054,51.5,40,15.1,0.112,99.7,5.84,8.3,50.8,3.52,53.5
Lithuania,2006,5.954442978,74.3,35.4,8.58,0.0161,88.3,13.1,12.6,48.7,52.7,55.2
Lithuania,2007,5.80828476,74,35.6,8.04,0.0211,88.9,13.2,12.7,48.4,52,55.6
Lithuania,2008,5.553925991,73.6,35.3,7.38,0.0234,89.5,13.3,12.8,48,51.3,55.9
Lithuania,2009,5.466920853,73,34.9,6.69,0.025,90.1,13.4,12.9,47.8,50.6,56.7
Lithuania,2010,5.065824986,72.4,35,6.04,0.0257,90.7,13.6,13,47.6,49.8,57
Lithuania,2011,5.43243742,72.4,34.7,5.51,0.0266,91.3,13.7,13.1,48,49.1,57.9
Lithuania,2012,5.771037102,72.4,34.8,5.18,0.0286,91.9,13.8,13.2,48.4,48.5,58.2
Lithuania,2013,5.595689297,75.4,35.6,5.05,0.0304,92.4,13.9,13.3,48.8,47.8,58.3
Lithuania,2014,6.125723839,75.4,36.6,5,0.0339,93,14,13.5,49.4,47.3,59.1
Lithuania,2015,5.711378098,75.4,37,4.9,0.0373,93.6,14.2,13.6,50.1,46.8,59.3
Luxembourg,2009,6.957920074,89.9,31.5,3.08,0.651,97.6,13.2,13,46.7,192,57.3
Luxembourg,2010,7.097251892,88.8,32.1,2.99,0.641,97.6,13.4,13.1,46.3,196,57
Luxembourg,2011,7.101400375,88.8,32,2.9,0.55,97.6,13.5,13.2,45.7,201,56.9
Luxembourg,2012,6.964097023,88.8,32,2.83,0.548,97.6,13.7,13.3,45.1,206,58
Luxembourg,2013,7.130809307,88.8,32.7,2.77,0.17,97.6,13.8,13.5,44.6,210,58.3
Luxembourg,2014,6.89112711,88.8,33,2.71,0.2,97.6,13.9,13.6,44.1,215,59
Luxembourg,2015,6.701571465,88.8,32.9,2.64,0.235,97.6,14.1,13.7,43.7,219,59.4
North Macedonia,2007,4.493598461,62.7,43.1,12.4,0.0598,90.3,11.5,11.3,43.4,81.9,54.4
North Macedonia,2009,4.428021908,61.9,42.7,10.9,0.0745,90.6,11.8,11.6,42.1,82,55.4
North Macedonia,2010,4.180202007,61.6,41.5,10.2,0.0675,90.8,12,11.7,41.7,82.1,55.6
North Macedonia,2011,4.898180008,61.6,39.7,9.98,0.0545,91,12.1,11.8,41.3,82.2,55.5
North Macedonia,2012,4.639647484,61.6,38.3,10.4,0.0519,91,12.3,11.9,41.1,82.2,55.1
North Macedonia,2013,5.186190605,61.6,37.3,11.2,0.0473,90.9,12.4,12.1,41.1,82.3,55.8
North Macedonia,2014,5.203825951,62.5,36.4,12,0.0425,90.9,12.6,12.2,41.2,82.4,55.9
North Macedonia,2015,4.975589752,60.2,35.8,12.3,0.0337,90.9,12.7,12.3,41.4,82.4,55.5
Madagascar,2008,4.640079021,55.7,41.4,72.8,0,7.2,5.5,6.11,88.5,34.4,88.3
Madagascar,2011,4.381415367,39.3,42.4,65,0.00004,8.25,5.9,6.47,84.9,37.4,88.7
Madagascar,2012,3.550609589,39.3,42.6,63,0.00004,8.61,6.04,6.59,83.7,38.4,88.3
Madagascar,2013,3.815607071,43.2,42.6,61.2,0.00005,8.97,6.18,6.71,82.5,39.5,87.8
Madagascar,2014,3.675626993,44.2,42.7,59.6,0.00005,9.33,6.32,6.84,81.4,40.5,87.2
Madagascar,2015,3.592514038,48.5,42.7,58.1,0.00004,9.69,6.46,6.96,80.3,41.7,86.5
Malawi,2006,3.829868078,49.7,41.7,107,0.0304,38.1,3.99,6.11,98.4,142,77.1
Malawi,2007,4.89103651,50.5,41.7,103,0.022,38.7,4.09,6.21,98.2,147,77.2
Malawi,2009,5.148239613,54.9,43.6,93.2,0.0385,39.9,4.31,6.42,97.9,156,77.3
Malawi,2011,3.946062565,58.4,44.9,82.3,0.0422,41.1,4.53,6.63,97.2,166,77.4
Malawi,2012,4.279269695,60.8,45.3,75.5,0.0425,41.7,4.64,6.74,96.7,171,77.5
Malawi,2013,4.035084248,60,45.5,68.6,0.0366,42.3,4.75,6.85,95.9,176,77.5
Malawi,2014,4.563080311,56.6,45.5,63,0.0361,42.9,4.86,6.96,95.2,181,77.2
Malawi,2015,3.86763835,55.5,45.5,59.2,0.0539,43.5,4.98,7.08,94.5,186,77.1
Malaysia,2006,6.011716843,59.8,46,8,0.142,98.1,10.4,10.5,51.9,79.6,61
Malaysia,2007,6.238904476,61.7,45.9,7.91,0.122,98.3,10.6,10.6,50.9,81,60.7
Malaysia,2008,5.806781769,63.6,45.6,7.89,0.135,98.5,10.8,10.8,49.7,82.5,60.1
Malaysia,2009,5.384701729,62.8,45.2,7.91,0.238,98.7,10.9,10.9,48.5,84,60.4
Malaysia,2010,5.580281734,61.9,44.5,7.94,0.289,98.9,11.1,11,47.4,85.6,60.3
Malaysia,2011,5.786367416,61.9,43.6,7.95,0.303,99.1,11.3,11.2,46.2,87.2,61.4
Malaysia,2012,5.914283752,64.1,42.8,7.96,0.31,99.2,11.4,11.3,45.3,88.8,62.3
Malaysia,2013,5.770199776,64.9,42.1,7.98,0.331,99.4,11.6,11.4,44.8,90.4,63.8
Malaysia,2014,5.962921619,64.9,41.5,8,0.333,99.6,11.8,11.6,44.2,92,64.1
Malaysia,2015,6.322121143,64.3,41.2,8,0.311,99.6,11.9,11.7,43.6,93.5,64.3
Mali,2006,4.014075756,59.9,38.2,152,0.0802,24.1,1.17,2.41,98.7,10.8,56
Mali,2008,4.114664078,58.7,36,141,0.0679,25.7,1.25,2.53,99.3,11.6,60.6
Mali,2009,3.976598501,59.4,34.8,136,0.0928,26.5,1.29,2.6,99.4,12,62.8
Mali,2010,3.762305021,60.1,33.9,131,0.0901,27.3,1.33,2.66,99.2,12.4,65
Mali,2011,4.666832924,63.6,33.3,127,0.101,28.1,1.37,2.73,100,12.7,66.7
Mali,2012,4.313016891,51.2,33,122,0.0872,28.9,1.42,2.79,100,13.1,68.3
Mali,2013,3.676277161,59,33,118,0.087,29.7,1.46,2.86,100,13.5,69.9
Mali,2014,3.974714279,57.9,33,113,0.0897,30.5,1.51,2.93,100,13.9,71.3
Mali,2015,4.582098484,57,33,109,0.0913,31.3,1.56,3,100,14.3,71.3
Mauritania,2007,4.149043083,35.1,36.9,105,0.951,33.1,3.62,5.62,80.7,3.21,50.2
Mauritania,2008,4.248075008,39.1,36.1,103,0.82,34.5,3.71,5.73,80.2,3.31,50.1
Mauritania,2009,4.500431538,38.9,35.3,99.8,0.79,35.9,3.81,5.84,79.6,3.4,49.9
Mauritania,2010,4.772306919,38.6,34.7,97.1,0.765,37.4,3.91,5.95,79,3.5,49.7
Mauritania,2011,4.784804344,41.7,34.2,94.4,0.737,38.8,4.01,6.06,78.6,3.61,49.6
Mauritania,2012,4.673203945,41.7,33.6,91.8,2.17,40.3,4.12,6.18,78.1,3.72,49.4
Mauritania,2013,4.199015141,41.7,33.2,89,2.43,41.7,4.22,6.29,77.5,3.83,49.4
Mauritania,2014,4.482805252,41.7,32.9,86.2,1.92,43.2,4.33,6.41,76.8,3.94,49.4
Mauritania,2015,3.922664165,39.6,32.7,83.5,1.91,44.6,4.44,6.53,76.1,4.06,49.4
Mauritius,2011,5.477073193,80.4,35.8,14.9,0,92.9,9.71,9.85,41.4,616,57.7
Mauritius,2014,5.647779942,81.7,35.8,14.4,0,93.2,10.2,10.3,40.8,619,59.1
Mexico,2007,6.525378227,67.3,47.9,19,0.00148,82.6,9.44,9.72,58.7,57.5,61.9
Mexico,2008,6.829036236,67.8,47.3,18.4,0.00095,83.5,9.6,9.86,57.8,58.5,61.7
Mexico,2009,6.962819099,68.5,46.9,17.9,0.0011,84.3,9.77,9.99,56.8,59.4,61.6
Mexico,2010,6.802388668,69.3,46.8,17.4,0.00122,85.2,9.94,10.1,55.9,60.4,61.4
Mexico,2011,6.909515381,69.3,46.8,16.9,0.00145,86,10.1,10.3,55,61.3,61.4
Mexico,2012,7.320185184,69,46.9,16.4,0.0013,86.8,10.3,10.4,54,62.2,62.1
Mexico,2013,7.442546368,69.1,46.9,15.9,0.00154,87.6,10.4,10.5,53.2,63,61.9
Mexico,2014,6.679831028,66.8,46.8,15.4,0.00153,88.4,10.6,10.7,52.4,63.9,61.2
Mexico,2015,6.236287117,65.5,46.5,14.8,0.0024,89.2,10.8,10.8,51.7,64.8,61.4
Moldova,2006,5.102071285,65,35.2,18.8,0.00388,74.5,12.5,11.6,38.8,126,47.1
Moldova,2007,4.774918079,65,34.7,18.1,0.00366,75,12.7,11.8,38,126,45.7
Moldova,2008,5.502756119,65,33.9,17.7,0.0036,75.4,12.8,11.9,37.4,125,44.3
Moldova,2009,5.554374218,64.2,32.9,17.4,0.00344,75.8,12.9,12,36.8,125,42.9
Moldova,2010,5.589736462,63.3,31.9,17.2,0.00362,76.2,13.1,12.2,36.4,124,42
Moldova,2011,5.792262554,63.3,30.7,17,0.00358,76.6,13.2,12.3,35.9,124,42.3
Moldova,2012,5.995712757,63.2,29.4,16.8,0.00454,77.1,13.4,12.4,35.3,124,40.8
Moldova,2013,5.75605917,63.2,28.4,16.6,0.00614,77.5,13.5,12.6,34.9,124,41.5
Moldova,2014,5.917058468,63.2,27.6,16.4,0.00822,78,13.7,12.7,34.6,124,41.3
Moldova,2015,6.017472267,63.5,27,16.3,0.011,78.4,13.8,12.8,34.6,124,44.1
Mongolia,2007,4.609059334,66,35,34.5,0.00019,54.2,10.8,9.8,45.7,1.67,59
Mongolia,2008,4.493010044,66,34.7,31.4,0.00042,55,10.9,9.93,45,1.69,59
Mongolia,2010,4.585523605,63.6,34.2,26.1,0.00044,56.5,11.3,10.2,44.4,1.75,59
Mongolia,2011,5.031173706,62.3,33.6,23.9,0.00004,57.2,11.4,10.3,44.9,1.78,60
Mongolia,2012,4.885150433,63.5,33.1,22.1,0.00014,57.9,11.6,10.4,45.4,1.81,59.4
Mongolia,2013,4.912928104,65.1,33,20.7,0.00031,58.5,11.7,10.6,46,1.85,59.9
Mongolia,2014,4.824834824,66.2,32.6,19.5,0.0002,58.9,11.9,10.7,46.8,1.88,60.3
Mongolia,2015,4.982719898,66.2,32.4,18.6,0.0003,59.2,12.1,10.8,47.6,1.92,60.3
Montenegro,2007,5.196315289,65,30.6,8.85,1.38,91.9,11.8,11.8,49.4,46.1,50.3
Montenegro,2009,4.8010602,63.5,30.5,7.21,3.86,93,12.1,12.1,48.7,46.3,49.8
Montenegro,2010,5.455030441,62.7,30.7,6.44,2.62,93.5,12.3,12.2,48.3,46.4,49.4
Montenegro,2011,5.223116875,61.5,31.1,5.73,2.06,94,12.4,12.4,48.1,46.5,49.1
Montenegro,2012,5.218724251,60.5,31.3,5.07,1.79,94.6,12.6,12.5,47.8,46.6,49.4
Montenegro,2013,5.074341774,59.4,31.9,4.47,1.35,95.1,12.7,12.6,47.6,46.6,49.3
Montenegro,2014,5.282720566,59.4,32.1,3.93,1.03,95.6,12.9,12.8,47.5,46.7,49.1
Montenegro,2015,5.124921322,60.1,32,3.46,0.282,95.9,13.1,12.9,47.7,46.7,48.9
Morocco,2011,5.084972858,38.3,40.1,30.6,0.00225,80,4.35,6.34,51.2,73.6,49.8
Morocco,2012,4.969656467,40.7,39.9,29.3,0.00224,80.9,4.47,6.46,50.7,74.7,49.2
Morocco,2013,5.142160416,40.7,39.8,28,0.00436,81.7,4.59,6.58,50.4,75.8,49.2
Morocco,2015,5.163156986,46.6,39.6,25.5,0.0113,83.5,4.84,6.83,50.1,78,49.1
Mozambique,2006,4.594879627,52.8,46.3,128,0.0121,16.6,2.34,4.32,95.9,27.4,84.7
Mozambique,2007,4.832634926,53.9,46.1,121,0.0128,17.3,2.4,4.42,96.4,28.2,84.1
Mozambique,2008,4.65358305,54.9,46.2,114,0.0142,18.1,2.47,4.52,96.7,29.1,83.5
Mozambique,2011,4.971111774,49,48.4,99.5,0.0169,20.4,2.68,4.83,96.7,31.7,80.7
Mozambique,2015,4.549767494,46,53.2,81.8,0.0208,23.6,2.99,5.26,94.8,35.6,79
Namibia,2007,4.885587215,65.1,62.1,61.2,0.325,30.9,8.46,8.09,73.9,2.53,58.3
Namibia,2014,4.573991299,62.4,59.7,45.3,0.0777,33.5,9.62,9.05,67.8,2.88,60.9
Nepal,2007,4.74828434,37.4,39.1,54.9,0.495,32,2.82,6.19,76.6,183,83.4
Nepal,2008,4.440526485,40.5,37.5,52,0.468,33.8,2.91,6.31,75.5,185,83
Nepal,2009,4.91686821,41.5,36,49.4,0.403,35.6,3,6.43,74.2,187,83.1
Nepal,2010,4.349675179,42.4,34.7,46.8,0.332,37.3,3.1,6.56,72.8,189,83.2
Nepal,2011,3.809444666,42.4,33.8,44.5,0.269,39.1,3.2,6.68,70.6,191,83.4
Nepal,2012,4.233244896,41.6,33.2,42.2,0.208,40.9,3.3,6.81,68.2,193,83.7
Nepal,2013,4.604576588,47.7,32.8,40.1,0.172,42.6,3.39,6.93,65.8,195,83.9
Nepal,2014,4.975014687,47.7,32.8,38.1,0.143,44.4,3.5,7.06,63.7,198,84
Nepal,2015,4.812436581,47.7,32.8,36.4,0.121,46.1,3.6,7.19,61.8,200,84.1
Netherlands,2007,7.451879501,96,29.2,4.95,0.525,97.9,13.6,13.7,48.2,490,65.6
Netherlands,2008,7.631011963,95.3,28.9,4.77,0.468,97.8,13.7,13.8,48.3,491,66.2
Netherlands,2010,7.501875877,89.9,28.1,4.46,0.449,97.8,14,14,49.1,495,64.7
Netherlands,2011,7.563797951,89.9,27.8,4.35,0.446,97.8,14.2,14.1,49.7,496,64.1
Netherlands,2012,7.470715523,89.9,28,4.25,0.428,97.8,14.3,14.2,50.5,498,64.6
Netherlands,2013,7.406550407,88.4,28.1,4.16,0.444,97.8,14.4,14.3,51.5,499,64.5
Netherlands,2014,7.32118845,89.2,28.2,4.09,0.488,97.7,14.6,14.4,52.5,501,64
Netherlands,2015,7.324437141,89.2,28.3,4.03,0.523,97.7,14.7,14.6,53.3,502,64.1
New Zealand,2006,7.305014133,90.1,32.8,6.46,0.117,100,13.9,13.4,50.4,15.9,67.7
New Zealand,2007,7.604173183,91,32.7,6.37,0.0647,100,14,13.5,50.2,16.1,68
New Zealand,2008,7.38117075,91.9,32.6,6.28,0.0635,100,14.1,13.6,50.2,16.2,67.9
New Zealand,2010,7.223756313,92.6,33.2,6.14,0.0528,100,14.4,13.9,50.4,16.6,67.2
New Zealand,2011,7.190638065,92.6,33.2,6.09,0.0438,100,14.5,14,51,16.8,67.5
New Zealand,2012,7.249629974,92.6,33.5,6.05,0.034,100,14.7,14.1,51.7,17,67.3
New Zealand,2013,7.280151844,92.6,34,6.02,0.0311,100,14.8,14.2,52.5,17.2,67.6
New Zealand,2014,7.305892467,92.6,34,6,0.0295,100,14.9,14.3,53.2,17.3,68.4
New Zealand,2015,7.418120861,92.6,34.5,5.97,0.029,100,15,14.4,54,17.5,68.3
Nicaragua,2006,4.460158348,56.8,44.6,24.9,0.00361,66.8,7.61,6.87,65.6,45.3,62.7
Nicaragua,2007,4.944090843,58.8,44.3,23.5,0.00329,67.9,7.76,7,64.1,45.9,63.1
Nicaragua,2008,5.103827477,60.7,44.2,22.3,0.00259,68.9,7.92,7.12,62.7,46.5,63.5
Nicaragua,2009,5.352804661,59,44.3,21.3,0.00209,70,8.07,7.25,61.4,47.1,64
Nicaragua,2010,5.68669939,57.3,44.5,20.4,0.0011,71,8.23,7.38,60.1,47.7,64.4
Nicaragua,2011,5.385705471,55.6,44.8,19.8,0.00146,72.1,8.39,7.51,58.7,48.3,64.8
Nicaragua,2012,5.448006153,55.6,45.3,19.4,0.00216,73.2,8.55,7.64,57.4,48.8,65.2
Nicaragua,2013,5.772274971,54.6,45.6,19.2,0.00312,74.2,8.71,7.77,56.1,49.4,65.6
Nicaragua,2014,6.275266647,53.2,45.9,19,0.00456,75.3,8.88,7.9,55,50,66
Nicaragua,2015,5.924112797,52.6,46.1,18.8,0.0053,76.3,9.04,8.04,54.1,50.5,66.2
Niger,2006,3.736951828,35.4,41.5,161,0.00224,8.58,1.06,2.32,108,11.2,79.1
Niger,2007,4.277402401,34.8,39.8,150,0.00217,9.03,1.1,2.38,109,11.6,79.1
Niger,2008,4.235657215,34.1,37.6,140,0.0021,9.49,1.13,2.44,109,12,79.1
Niger,2009,4.267169952,34,35.4,131,0.00205,9.96,1.17,2.5,110,12.5,79.2
Niger,2010,4.101016045,33.8,34,123,0.00191,10.4,1.21,2.56,110,13,79.2
Niger,2011,4.555829525,41.6,33.2,115,0.00176,10.9,1.25,2.63,111,13.5,79.1
Niger,2012,3.798088312,41.6,33,109,0.284,11.4,1.29,2.69,112,14,79.1
Niger,2013,3.716329813,40.8,33.1,103,0.312,11.9,1.33,2.76,112,14.5,79.1
Niger,2014,4.180943489,40.2,33.7,98.5,0.405,12.4,1.37,2.82,113,15.1,79
Niger,2015,3.671453714,38.5,34.1,94.3,0.624,12.9,1.41,2.89,113,15.7,79
Nigeria,2006,4.709745884,35.2,41,151,0.00615,34.7,5.52,7.94,86.7,157,54.8
Nigeria,2007,4.890419483,35.3,41.5,146,0.00578,34.4,5.66,8.07,87.1,161,54.8
Nigeria,2008,4.938560486,35.3,42,142,0.00674,34.2,5.79,8.21,87.3,165,54.9
Nigeria,2009,4.980220318,35,42.4,138,0.00591,33.9,5.93,8.34,87.4,170,54.9
Nigeria,2010,4.760275841,34.7,42.7,135,0.00552,33.7,6.07,8.47,87.5,174,55
Nigeria,2012,5.492954254,37.7,43,130,0.00189,33.2,6.34,8.74,88.1,184,55.1
Nigeria,2013,4.81786871,37.7,43,129,0.00099,33,6.48,8.87,88.2,189,55.1
Nigeria,2015,4.932914734,46.2,43,125,0.00077,32.6,6.77,9.14,87.7,199,55.1
Norway,2006,7.415682316,95.5,28.5,3.86,0.927,98.1,14.3,13.9,51.9,12.8,65.7
Norway,2008,7.632287502,96.8,26.5,3.54,0.757,98.1,14.5,14.1,51.3,13.1,67.4
Norway,2012,7.678277016,99.3,26,2.98,0.854,98.1,15.1,14.6,51.1,13.7,65.3
Norway,2014,7.444470882,99.3,26.8,2.8,0.915,98.1,15.3,14.8,51.8,14.1,64.7
Norway,2015,7.603433609,99.3,27.1,2.72,0.969,98.1,15.4,14.9,52.2,14.2,64.9
Pakistan,2007,5.671460629,41.9,32,94.9,1.21,44.3,3.37,6.53,71.1,208,53.3
Pakistan,2008,4.413918972,44.6,31.6,92.4,1.04,46.1,3.48,6.66,70.2,212,53.1
Pakistan,2009,5.208146572,45,31,90,0.992,47.8,3.58,6.78,69.3,217,53.7
Pakistan,2010,5.786132813,45.5,30.8,87.5,1.06,49.6,3.69,6.91,68.4,221,51.6
Pakistan,2011,5.267186165,45.5,30.6,85.1,0.929,51.4,3.8,7.04,67.8,226,51.6
Pakistan,2012,5.131565094,45.7,30.5,82.8,0.875,53.1,3.92,7.16,67.2,231,51.9
Pakistan,2013,5.138082504,46.4,30.9,80.5,0.845,54.8,4.03,7.29,66.4,236,52.3
Pakistan,2014,5.435657978,46.4,31.6,78.2,0.771,56.5,4.14,7.42,65.8,241,52.2
Pakistan,2015,4.823194981,44,32.1,76,0.783,58.3,4.26,7.55,65.3,246,53.2
Palestine,2007,4.151053905,59.2,34.8,24.9,47.8,95.1,9.79,10.4,88.4,623,42.1
Palestine,2008,4.385603428,58.3,34.9,24.3,47.6,95.2,9.95,10.5,86.2,640,43
Palestine,2009,4.470191479,56.4,35,23.8,47.6,95.4,10.1,10.7,84.2,657,41.5
Palestine,2010,4.702603817,54.4,34.7,23.3,49.7,95.5,10.3,10.8,82.3,676,40.9
Palestine,2011,4.751219749,49.7,34.5,23,45.7,95.6,10.4,10.9,80.9,694,42.6
Palestine,2012,4.646608353,48,34.4,22.6,45.8,95.7,10.6,11.1,79.4,713,43.2
Palestine,2013,4.844027996,48,34.2,22.4,46,95.8,10.8,11.2,78.1,733,43.2
Palestine,2014,4.721938133,47.2,34.1,22.1,46.3,95.9,10.9,11.3,77,754,44.3
Palestine,2015,4.695239067,45.7,33.9,21.7,46.5,96,11.1,11.4,76,775,45.4
Panama,2006,6.127988338,73.5,53.9,22.3,0.0545,69.3,11.1,10.3,56.4,45.6,63.7
Panama,2007,6.894139767,73.5,53.3,21.7,0.489,70.1,11.2,10.4,56.1,46.5,64.2
Panama,2008,6.930903435,73.5,52.9,21.1,0.481,71,11.4,10.5,55.8,47.3,65.8
Panama,2009,7.033740044,72.5,52.2,20.5,0.473,71.8,11.6,10.7,55.5,48.1,66.4
Panama,2010,7.3214674,71.5,52,19.9,0.469,72.7,11.7,10.8,55.1,49,65.9
Panama,2011,7.24808073,70.8,51.7,19.2,0.466,73.5,11.8,10.9,54.9,49.9,63.9
Panama,2012,6.859835625,70.8,51.4,18.6,0.462,74.3,12,11,54.5,50.8,65.1
Panama,2013,6.86648035,70.8,51.2,18.1,0.461,75.2,12.2,11.2,54,51.6,66.3
Panama,2014,6.631171227,70.8,51,17.5,0.443,76,12.3,11.3,53.7,52.5,66.1
Panama,2015,6.605550289,71.9,50.7,16.9,0.436,76.9,12.5,11.4,53.4,53.4,66.5
Paraguay,2006,4.730082035,61.6,52.1,29.2,0.001,80,8.76,8.09,65.6,14.8,70.4
Paraguay,2007,5.272461414,62.8,51.5,28.4,0.00103,81.3,8.91,8.22,64.5,15,70.5
Paraguay,2008,5.570061684,64,51.4,27.7,0.00123,82.5,9.07,8.34,63.5,15.2,70.6
Paraguay,2009,5.576147079,64,51.2,26.8,0.00144,83.8,9.23,8.47,62.5,15.4,71.1
Paraguay,2010,5.841174126,64,50.2,26,0.00171,85,9.4,8.6,61.4,15.6,69
Paraguay,2011,5.677080631,64,49.6,25.2,0.00196,86.3,9.56,8.73,60.4,15.8,69.3
Paraguay,2012,5.820058346,62.6,49.9,24.4,0.00207,87.5,9.72,8.86,59.3,16.1,72.4
Paraguay,2013,5.936240673,62.6,49.2,23.7,0.00209,88.8,9.88,8.99,58.2,16.3,71.3
Paraguay,2014,5.118641853,62.6,48.4,22.9,0.00232,90,10.1,9.13,57.3,16.5,69.5
Paraguay,2015,5.559724331,63.3,48.4,22.2,0.00257,91.2,10.2,9.26,56.6,16.7,69.6
Peru,2006,4.810845375,61.1,50,25.1,0.00324,68.7,10.1,10.9,58.7,21.8,76.7
Peru,2007,5.213962078,62.1,49.4,23.6,0.00351,69.7,10.3,11,57.7,22.1,77.8
Peru,2008,5.129230976,63.1,48.4,22.3,0.00376,70.6,10.4,11.1,56.8,22.4,77.9
Peru,2009,5.518846989,63.5,47.2,21.1,0.00385,71.6,10.6,11.3,55.9,22.7,78.4
Peru,2010,5.612785339,64,46.1,20.1,0.00395,72.5,10.8,11.4,55.2,22.9,79.1
Peru,2011,5.892457485,65.9,45.3,19.2,0.00391,73.4,10.9,11.5,54.6,23.2,78.6
Peru,2012,5.824557304,64.7,44.6,18.4,0.0038,74.3,11.1,11.6,54.2,23.6,78.5
Peru,2013,5.782557487,65.4,44.1,17.6,0.0039,75.1,11.3,11.8,53.8,23.9,78
Peru,2014,5.865815639,65.4,43.9,16.8,0.00433,76,11.4,11.9,53.5,24.2,77.2
Peru,2015,5.577263355,65.8,43.7,16.1,0.00488,76.8,11.6,12,53.2,24.5,76.1
Philippines,2007,5.073562145,63,44.6,33.3,0.00012,70.6,10.7,9.97,65.6,299,62.1
Philippines,2008,4.589065075,61.2,44.5,32.8,0.00011,71.1,10.8,10.1,64,304,62
Philippines,2009,4.879910946,61.2,44.3,32.4,0.0001,71.7,10.9,10.2,62.3,309,62.4
Philippines,2010,4.941514015,61.2,44.2,32,0.00026,72.2,11.1,10.3,60.7,314,62.4
Philippines,2011,4.993956566,61.2,44.1,31.6,0.00013,72.7,11.2,10.4,59.9,320,63
Philippines,2012,5.001965046,63,43.9,31.2,0.00015,73.3,11.4,10.6,59.2,325,62.6
Philippines,2013,4.976925373,64.1,43.5,30.9,0.00018,73.9,11.5,10.7,58.6,330,62.3
Philippines,2014,5.312550068,67.7,43.1,30.5,0.00022,74.4,11.7,10.8,58,336,62.9
Philippines,2015,5.547489166,68.4,42.7,30.1,0.00026,75,11.8,10.9,57.5,341,62.4
Poland,2007,5.886137486,73,34,7.01,0.0262,92.2,13.8,13.1,40.6,125,54
Poland,2009,5.772027493,71.8,33.4,6.32,0.0399,93.6,14,13.4,39.8,125,55.3
Poland,2010,5.887029648,70.5,33.2,5.98,0.0406,94.4,14.2,13.5,39.8,125,55.9
Poland,2011,5.646204948,71.2,33,5.68,0.0414,95.1,14.3,13.6,40.3,125,56.1
Poland,2012,5.87593174,71.2,32.8,5.42,0.0416,95.9,14.4,13.7,40.9,125,56.4
Poland,2013,5.746131897,71.2,32.6,5.21,0.0431,96.6,14.5,13.8,41.7,125,56.5
Poland,2014,5.750282288,74.7,32.1,5.03,0.0413,97.4,14.7,13.9,42.7,125,56.8
Poland,2015,6.007021904,70.9,31.7,4.86,0.037,98.1,14.8,14.1,43.8,125,56.7
Portugal,2006,5.405246258,81.6,37.8,4.44,0.00316,98.2,10,9.22,49.1,116,62.2
Portugal,2008,5.716966629,80.5,36.4,4.08,0.0038,98.5,10.3,9.51,50.1,116,62
Portugal,2010,5.094525814,80.2,36,3.87,0.00362,98.8,10.7,9.8,50.9,116,61
Portugal,2011,5.219997883,78.1,35.9,3.79,0.00386,98.9,10.9,9.95,51.3,116,60.4
Portugal,2012,4.993962288,79.2,36,3.73,0.00459,99.1,11,10.1,51.8,116,60
Portugal,2013,5.157688141,76.5,35.9,3.69,0.00571,99.2,11.2,10.2,52.3,115,59.2
Portugal,2014,5.12691164,77.9,35.8,3.66,0.00671,99.3,11.4,10.4,52.9,114,58.8
Portugal,2015,5.080866337,77.9,35.7,3.66,0.00823,99.4,11.5,10.5,53.5,114,58.6
Qatar,2009,6.417824268,30.1,40,9.2,0.00175,99.6,9.83,8.04,18.1,137,85.1
Romania,2007,5.393723965,70.6,32.7,14.4,0.00835,81.5,12.7,12.6,45.1,91.4,54.2
Romania,2009,5.367565155,68.3,32.4,12,0.00518,81.6,13,12.9,45.9,89.6,53.8
Romania,2010,4.909165859,66,32,11.5,0.00499,81.6,13.1,13,46.3,88.8,55
Romania,2011,5.02275753,65.4,31.9,11.3,0.00494,81.7,13.3,13.1,46.8,88.2,54.1
Romania,2012,5.166874886,65.4,32.7,11.1,0.00624,81.7,13.4,13.2,47.2,87.6,54.6
Romania,2013,5.081584454,65.4,33.5,10.6,0.00879,81.7,13.5,13.3,47.6,87.2,54.4
Romania,2014,5.726893425,66.8,32.9,9.97,0.0109,81.8,13.7,13.4,48.2,86.8,54.7
Romania,2015,5.777491093,66.8,32.1,9.21,0.013,81.8,13.8,13.6,48.9,86.4,54.3
Russia,2006,4.963742733,50.2,41.3,12.8,0.00099,85.8,13.5,12.9,40.3,8.75,61.8
Russia,2007,5.222867489,47.5,41.2,11.9,0.00116,86.1,13.6,13,39.7,8.74,62.6
Russia,2008,5.61875391,44.8,40.8,11.2,0.00243,86.5,13.8,13.1,39.1,8.74,63
Russia,2009,5.158227921,43.7,40.6,10.7,0.0034,86.8,13.9,13.2,38.8,8.74,63.1
Russia,2010,5.384773254,42.6,40.3,10.3,0.00343,87.1,14,13.3,38.8,8.74,63
Russia,2011,5.388766289,39.2,40.1,10.1,0.00272,87.5,14.2,13.5,39.2,8.75,63.4
Russia,2012,5.620735645,37.4,40.2,9.8,0.00221,87.8,14.3,13.6,40,8.76,63.4
Russia,2013,5.537177563,35.9,39.8,9.47,0.0024,88.1,14.4,13.7,41,8.77,63.4
Russia,2014,6.036976814,33.9,39.4,9.05,0.163,88.5,14.5,13.8,42,8.78,63.5
Russia,2015,5.995538712,33.1,38.8,8.53,0.217,88.8,14.7,13.9,43.1,8.79,63.7
Rwanda,2008,4.362988949,37.1,50.1,78.6,0.578,54.7,4.61,5.41,81.8,394,86.5
Rwanda,2009,4.029761791,34.8,49.1,70.7,0.552,55.9,4.73,5.52,82.3,404,86.7
Rwanda,2011,4.097435951,32.5,47.4,56.8,0.537,58.1,4.97,5.74,82.1,426,86.9
Rwanda,2012,3.333047867,33.6,46.6,51.7,0.552,59.2,5.1,5.85,81.4,437,86.8
Rwanda,2013,3.466387749,33.8,46,47.5,0.678,60.3,5.22,5.97,80.3,449,86.7
Rwanda,2014,3.595678329,32.5,45.5,44.1,0.666,61.3,5.35,6.08,79.1,460,86.6
Rwanda,2015,3.483108997,30.7,45.3,41.3,1.27,62.3,5.48,6.2,78.1,471,86.4
Saudi Arabia,2008,6.811370373,19,40,13.8,0.929,99.5,8.39,11.5,51.9,12.1,50.3
Saudi Arabia,2009,6.14759016,18.7,40,12.9,0.00216,99.8,8.57,11.7,50.7,12.4,50.1
Senegal,2006,4.417352676,53.7,39.6,87,0.181,42.4,2.4,4.06,89.3,60,51.2
Senegal,2007,4.679986954,53.7,39.5,80.9,0.175,43,2.47,4.15,88.8,61.7,52.3
Senegal,2008,4.683499813,53.7,39.6,75.5,0.277,43.7,2.54,4.24,88.4,63.4,53.3
Senegal,2009,4.335114002,53.2,39.8,70.7,0.18,44.3,2.62,4.33,88,65.2,54.3
Senegal,2010,4.372156143,52.7,39.9,66.4,0.163,45,2.7,4.42,87.8,67.1,55.4
Senegal,2011,3.834201574,55.1,40.1,62.5,0.158,45.7,2.77,4.51,87.7,69.1,56.5
Senegal,2012,3.668736935,60.9,40.2,59,0.106,46.3,2.86,4.61,87.7,71.2,56.6
Senegal,2013,3.647367001,61.5,40.3,55.8,0.103,47,2.94,4.71,87.8,73.3,56.8
Senegal,2014,4.394777298,61.5,40.3,52.9,0.101,47.7,3.02,4.8,87.8,75.6,56.9
Senegal,2015,4.61700058,60.8,40.3,50.1,0.0987,48.4,3.11,4.9,87.6,77.8,56.9
Serbia,2007,4.750383854,65.5,30.1,8.12,1.08,96.2,11.7,11.4,49,104,54.4
Serbia,2009,4.380311966,64.1,29.5,7.79,0.957,95.8,12,11.7,47.9,104,52.1
Serbia,2010,4.461304188,63.3,31.8,7.61,0.819,95.6,12.2,11.8,47.8,103,50.9
Serbia,2011,4.815186501,63.3,33.1,7.39,0.789,95.4,12.4,12,48,103,50.9
Serbia,2012,5.154521942,63.3,35.4,7.14,0.742,95.2,12.5,12.1,48.4,102,51.3
Serbia,2013,5.101840496,66.7,36.4,6.87,0.64,95,12.7,12.3,48.9,102,52.1
Serbia,2014,5.112728596,67.1,36.3,6.58,0.492,94.8,12.8,12.4,49.5,102,52.4
Serbia,2015,5.317685127,67.1,35.2,6.28,0.398,94.6,13,12.5,50.1,101,52
Sierra Leone,2006,3.628185034,35.7,38.4,196,0.469,11.8,1.96,3.96,86.7,81,64.3
Sierra Leone,2007,3.585127354,38.4,37.5,189,0.147,12.1,2.02,4.05,86.7,83.3,63.5
Sierra Leone,2008,2.997251034,41.1,36.7,180,0.128,12.4,2.08,4.15,86.5,85.4,62.7
Sierra Leone,2010,4.133955956,45.1,35.1,163,0.13,13,2.22,4.34,85.4,89.5,61.2
Sierra Leone,2011,4.501643658,45.1,34.6,154,0.123,13.3,2.29,4.44,85.2,91.6,60.4
Sierra Leone,2013,4.514291286,46.4,34,137,0.041,13.9,2.43,4.64,83.8,95.9,58.8
Sierra Leone,2014,4.499970436,45.6,34,129,0.0196,14.2,2.5,4.74,82.9,98.1,58
Sierra Leone,2015,4.908617973,45.5,34,122,0.0106,14.5,2.58,4.85,81.9,100,58.2
Singapore,2007,6.833754539,58.9,42.5,2.86,0.00022,100,12.5,12.8,37.3,6760,65.4
Singapore,2008,6.641956806,58.9,42.6,2.84,0.00021,100,12.6,13,36.9,6930,66.4
Singapore,2009,6.144676685,58.9,42.7,2.83,0.00014,100,12.8,13.2,36.3,7090,66.5
Singapore,2010,6.531401634,58.9,42.5,2.81,0.00014,100,13,13.3,35.8,7250,66.9
Singapore,2011,6.561041832,58.9,42.2,2.79,0.00006,100,13.2,13.4,35.8,7390,67.1
Singapore,2013,6.53320694,59.2,41.7,2.72,0.00006,100,13.5,13.7,36.4,7660,67.5
Singapore,2014,7.062364578,60.3,41.4,2.71,0.00005,100,13.7,13.8,36.9,7780,68.2
Singapore,2015,6.619524956,61.4,40.9,2.72,0,100,13.8,14,37.4,7910,68.9
Slovak Republic,2006,5.264676571,74,27.4,7.94,0.00459,98.9,12.8,12.5,39.3,112,59.1
Slovak Republic,2010,6.052223206,73.5,26.6,6.97,0.00853,98.9,13.3,13,38.1,112,58.8
Slovak Republic,2011,5.945048332,73.5,26.9,6.77,0.0101,98.9,13.4,13.1,38.4,112,58.7
Slovak Republic,2012,5.91105938,73.5,26.8,6.58,0.0122,98.9,13.6,13.2,38.8,113,59.1
Slovak Republic,2013,5.936527252,73.5,26.7,6.39,0.0129,98.9,13.7,13.3,39.2,113,59.2
Slovak Republic,2014,6.1388731,73.5,26.7,6.22,0.0147,98.9,13.8,13.4,39.9,113,59.3
Slovak Republic,2015,6.162004471,72.9,26.7,6.06,0.0151,98.9,14,13.5,40.8,113,59.6
Slovenia,2006,5.811264515,79.6,24.4,3.99,0.0127,99.1,12.9,12.3,42,99.5,59.3
Slovenia,2009,5.830160618,78.3,24.5,3.39,0.0142,99.1,13.3,12.7,43.5,101,59.4
Slovenia,2010,6.082555294,76.9,24.8,3.21,0.0154,99.1,13.5,12.8,44.1,102,59.2
Slovenia,2011,6.035964012,77.6,25.3,3.05,0.00692,99.1,13.6,12.9,45,102,58.1
Slovenia,2012,6.062891006,78.8,25.5,2.89,0.00855,99.1,13.8,13.1,45.8,102,57.7
Slovenia,2013,5.974888802,78.8,25.6,2.75,0.0103,99.1,13.9,13.2,46.5,103,57.4
Slovenia,2014,5.678395271,75.7,25.7,2.61,0.0124,99.1,14.1,13.3,47.5,103,57.7
Slovenia,2015,5.740642071,75.7,25.6,2.48,0.0141,99.1,14.2,13.4,48.7,103,57.4
South Africa,2007,5.204454422,79.1,63.9,71,0.0748,66.2,10.2,9.93,57.7,41.1,54.3
South Africa,2008,5.346306801,79.1,63.6,64.8,0.0875,67.1,10.3,10.1,57.4,41.6,55.8
South Africa,2009,5.218430996,78.5,63.4,58,0.095,68,10.5,10.2,56.9,42,54
South Africa,2010,4.652428627,77.9,63.3,52.5,0.113,68.9,10.7,10.3,56.2,42.5,52.4
South Africa,2011,4.930511475,77.9,63.2,46.7,0.111,69.8,10.8,10.5,55.7,43.1,52.3
South Africa,2012,5.133887768,77.9,63.2,43.3,0.123,70.6,11,10.6,54.8,43.7,52.7
South Africa,2013,3.660727262,79,63.2,41.2,0.123,71.5,11.2,10.7,53.7,44.3,53.2
South Africa,2014,4.828456402,78.2,63.1,39.5,0.206,72.3,11.3,10.9,52.8,45,53.4
South Africa,2015,4.887325764,75.6,63.1,37.7,0.22,73.1,11.5,11,52.1,45.6,54.6
South Korea,2006,5.332177639,78.8,32,5.15,0.0002,100,13.3,13.7,38.5,503,62
South Korea,2007,5.76727581,79.5,32,4.81,0.00024,100,13.5,13.9,38.6,505,61.9
South Korea,2008,5.389624596,80.1,32,4.53,0.00035,100,13.6,14,38.5,506,61.4
South Korea,2009,5.647689819,80.6,32.1,4.31,0.00054,100,13.8,14.1,38.1,508,60.7
South Korea,2010,6.116024494,81.1,32,4.13,0.00072,100,13.9,14.2,37.6,510,60.8
South Korea,2011,6.946599007,80.6,31.8,3.98,0.00081,100,14.1,14.3,37.4,512,60.9
South Korea,2013,5.958809853,80.6,31.6,3.73,0.00109,100,14.3,14.6,37,516,61.3
South Korea,2014,5.801325321,80.6,31.6,3.61,0.00232,99.9,14.5,14.7,37,518,62.3
South Korea,2015,5.780211449,79.7,31.6,3.5,0.00288,99.9,14.6,14.8,37.2,520,62.5
South Sudan,2014,3.831992388,#N/A,45,98.6,2.35,9.5,1.15,3.21,84.7,18.9,72.6
South Sudan,2015,4.070771217,#N/A,45,98.6,2.45,10.4,1.19,3.29,83.7,19.4,72.4
Spain,2007,6.994614601,84,33.9,4.36,0.0113,99.9,12.2,11.8,45.4,91,58.1
Spain,2008,7.294472694,84.5,34.4,4.19,0.0101,99.9,12.4,11.9,45.7,92.2,58.8
Spain,2009,6.198601246,83,34.8,4.01,0.00852,99.9,12.6,12,46.1,93.2,59
Spain,2010,6.188262463,81.6,35.1,3.85,0.00814,99.9,12.7,12.2,46.5,93.8,59.3
Spain,2011,6.518249035,80.2,35.5,3.71,0.00898,99.9,12.9,12.3,47.4,94,59.3
Spain,2012,6.290690422,80.2,35.7,3.58,0.00958,99.9,13,12.4,48.3,93.9,59.3
Spain,2013,6.150027275,80.2,35.9,3.47,0.00988,99.9,13.2,12.6,49.1,93.6,58.9
Spain,2014,6.456477642,80.5,36,3.37,0.0124,99.9,13.3,12.7,50,93.3,58.5
Spain,2015,6.380663395,83,36.2,3.28,0.0138,99.9,13.5,12.8,50.8,93,58.3
Sri Lanka,2006,4.344610691,65.8,40.2,13.6,0.00082,89.2,10.2,9.94,48.2,314,56.2
Sri Lanka,2007,4.414805412,66,39.6,12.9,0.00092,89.8,10.3,10.1,48.3,316,56.1
Sri Lanka,2008,4.430846214,66.1,38.7,12.4,0.00135,90.5,10.5,10.2,48.4,318,56
Sri Lanka,2009,4.212026596,66.3,38.1,12,0.00125,91.1,10.6,10.3,48.5,320,55.8
Sri Lanka,2010,3.976905107,66.4,37.7,11.6,0.0011,91.7,10.8,10.5,48.7,322,54.7
Sri Lanka,2011,4.180569172,65.8,37.8,11.2,0.00092,92.4,11,10.6,49.2,324,54.4
Sri Lanka,2012,4.224593163,57.5,38.1,10.6,0.00054,93,11.1,10.7,49.8,326,53.5
Sri Lanka,2013,4.364694118,56.9,38.7,9.99,0.0007,93.7,11.3,10.9,50.3,327,55
Sri Lanka,2014,4.267932892,56.9,39.2,9.35,0.00246,94.2,11.4,11,50.8,329,54.1
Sri Lanka,2015,4.611606598,64.2,39.6,8.75,0.00375,94.2,11.6,11.1,51.2,330,53.9
Sudan,2009,4.454917431,26.1,#N/A,#N/A,#N/A,27.1,4.91,6.9,83.4,19.1,47.6
Sudan,2010,4.435159683,24.2,#N/A,#N/A,#N/A,28.3,5.03,7,82.5,19.5,47.5
Sudan,2011,4.314456463,23.8,#N/A,#N/A,#N/A,29.6,5.16,7.11,81.7,19.9,47.3
Sudan,2012,4.550499439,23.8,#N/A,#N/A,#N/A,30.8,5.28,7.22,80.8,20.4,47.1
Sudan,2014,4.138672829,25.4,35.4,68.2,0.732,33.3,5.54,7.44,79,21.4,46.8
Suriname,2012,6.269286633,66.5,61,23,0,79.3,9.64,9.59,52.7,3.44,53.4
Swaziland,2011,4.867091179,32.6,51.5,78.5,0.0708,55.6,9.34,9.14,72.1,71.2,52.8
Sweden,2007,7.241362572,98.8,27.1,3.32,0.819,99.3,14.1,13.6,53,22.3,63.6
Sweden,2008,7.51599741,98.8,27.3,3.21,0.834,99.3,14.2,13.7,52.8,22.5,63.8
Sweden,2009,7.265977383,96.9,27.6,3.13,0.874,99.3,14.4,13.8,52.8,22.7,63.3
Sweden,2010,7.496018887,95,27.7,3.06,0.88,99.3,14.5,13.9,53.2,22.9,63.1
Sweden,2011,7.382232189,95,27.8,3.01,0.915,99.3,14.6,14.1,53.9,23.1,63.4
Sweden,2012,7.560147762,97.3,28,2.97,0.973,99.3,14.8,14.2,55,23.3,63.4
Sweden,2013,7.434010506,97.3,28.3,2.94,1.19,99.3,14.9,14.3,56.4,23.4,63.8
Sweden,2014,7.239147663,97.3,28.6,2.91,1.47,99.3,15,14.4,58,23.6,63.9
Sweden,2015,7.28892231,94.5,28.8,2.87,1.74,99.3,15.1,14.5,59.3,23.8,63.9
Switzerland,2006,7.473252773,90.2,34.1,4.94,0.651,99.9,13.2,13.6,47,189,67.4
Switzerland,2009,7.524520874,91.2,33,4.63,0.599,99.9,13.6,13.9,46.8,196,68.3
Switzerland,2012,7.776208878,90.9,32.2,4.44,0.634,99.9,14,14.3,47.5,203,67.5
Switzerland,2014,7.492803574,90.9,32.2,4.36,0.763,99.9,14.3,14.5,48.4,208,68
Switzerland,2015,7.572136879,90.9,32.4,4.32,0.884,99.9,14.4,14.6,48.8,211,68.2
Syria,2008,5.32333231,21.8,35.4,16.7,7.59,92.9,7.22,8.94,67.6,111,44.6
Syria,2009,4.978970528,22.4,35.3,16.3,7.2,92.9,7.38,9.08,66.2,113,43
Syria,2010,4.464707851,23.1,35.3,16.1,7.03,92.9,7.55,9.22,64.3,114,43.1
Syria,2011,4.037889481,19.9,35.3,16.3,5.89,92.9,7.72,9.35,65.7,114,43
Syria,2012,3.164491177,16.3,35.2,17.8,4.77,92.9,7.88,9.49,66.8,111,42.8
Taiwan,2006,6.189050198,#N/A,#N/A,#N/A,#N/A,#N/A,#N/A,#N/A,#N/A,#N/A,#N/A
Taiwan,2008,5.547682285,#N/A,#N/A,#N/A,#N/A,#N/A,#N/A,#N/A,#N/A,#N/A,#N/A
Taiwan,2010,6.228530884,#N/A,#N/A,#N/A,#N/A,#N/A,#N/A,#N/A,#N/A,#N/A,#N/A
Tajikistan,2006,4.613099098,24.5,32.6,52.4,0.0134,92.3,10.6,11.5,70.2,50,58.5
Tajikistan,2007,4.431608677,24.5,32,49.3,0.016,92.7,10.7,11.6,68.1,51.1,58.6
Tajikistan,2008,5.063986778,24.5,31.7,46.8,0.0249,93.1,10.9,11.7,66.4,52.2,58.8
Tajikistan,2009,4.575174809,24.8,31.5,44.8,0.0364,93.5,11,11.8,64.9,53.4,59
Tajikistan,2010,4.380636215,25.1,31.6,43.2,0.0416,93.9,11.1,11.9,63.5,54.6,59.1
Tajikistan,2011,4.262671471,25.1,31.9,41.9,0.0432,94.3,11.2,12.1,62.9,55.8,59.2
Tajikistan,2012,4.496571541,25.1,32.4,40.8,0.0285,94.7,11.4,12.2,62.3,57.1,59.2
Tajikistan,2013,4.966521263,25.1,32.9,39.7,0.0254,95.1,11.5,12.3,61.7,58.4,59.2
Tajikistan,2014,4.896157742,23.7,33.4,38.7,0.0245,95.5,11.6,12.4,61.2,59.8,59.2
Tajikistan,2015,5.124210835,19.5,33.7,37.9,0.0233,95.5,11.8,12.5,60.9,61.1,59.2
Tanzania,2006,3.922484159,51.8,39.6,89.2,1.23,13,5.85,6.9,92.8,45.9,83.1
Tanzania,2007,4.317949772,52.3,39.7,84.4,1.07,14.1,5.98,7.01,93,47.3,83.1
Tanzania,2008,4.384741783,52.8,39.6,79.9,0.769,15.2,6.1,7.13,93,48.8,83.1
Tanzania,2009,3.407507896,54.6,39.3,76.1,0.276,16.4,6.23,7.24,93,50.4,83.1
Tanzania,2010,3.229129076,56.4,38.8,72.3,0.246,17.5,6.37,7.36,93.1,52,83.1
Tanzania,2011,4.073562145,56.4,38.4,68.8,0.287,18.7,6.5,7.48,93.3,53.7,83.2
Tanzania,2012,4.006897449,58.8,38.1,66,0.215,19.9,6.64,7.6,93.6,55.4,83.4
Tanzania,2013,3.852394819,57.7,37.9,63.7,0.211,21.1,6.77,7.72,93.8,57.2,83.5
Tanzania,2014,3.483278513,57.7,37.8,61.4,0.177,22.3,6.92,7.84,93.9,59,83.4
Tanzania,2015,3.660597324,55.8,37.8,59.1,0.411,23.5,7.06,7.96,93.8,60.8,83.4
Thailand,2006,5.88543272,56.7,41.3,16.2,0.202,95,8.62,8.63,41.7,129,72.8
Thailand,2007,5.783891201,62.4,40.7,15.4,0.19,95,8.78,8.76,40.9,130,73.1
Thailand,2008,5.636471272,68.1,40.2,14.7,0.17,95,8.94,8.89,40.2,130,73.1
Thailand,2009,5.475645065,66.8,39.3,14,0.157,95,9.1,9.02,39.5,131,72.9
Thailand,2010,6.216702938,65.5,39.2,13.3,0.144,95,9.26,9.15,39.1,132,72.4
Thailand,2011,6.663609028,65.5,38.7,12.7,0.132,95,9.43,9.29,38.9,132,73.2
Thailand,2012,6.300235271,65.5,38.2,12.1,0.125,95,9.59,9.42,38.8,133,72.8
Thailand,2013,6.231024742,62.5,37.5,11.5,0.2,95,9.76,9.56,38.8,133,71.2
Thailand,2014,6.985463619,53.9,37.2,11,0.19,95,9.92,9.69,39,134,70.6
Thailand,2015,6.201762676,50.9,36.6,10.5,0.158,95,10.1,9.83,39.2,134,69.1
Togo,2006,3.202429295,17.5,43,101,0.11,12.1,3.25,6.35,85,107,80.7
Togo,2008,2.807855129,24.3,43.7,95.1,0.154,12.5,3.45,6.61,84.4,113,79.8
Togo,2011,2.936220884,34.5,45.1,86.9,0.292,13.1,3.75,6.99,83.5,123,77.9
Togo,2014,2.83895874,34.5,43.9,79.3,0.305,13.7,4.08,7.39,82.4,133,77.9
Togo,2015,3.768301964,34.1,43.5,76.8,0.3,13.9,4.19,7.52,81.8,136,77.8
Trinidad and Tobago,2006,5.832188606,71.8,41.1,26.2,0,91.4,11.9,11.3,40.6,254,64.6
Trinidad and Tobago,2008,6.696444035,72.1,41.2,24.8,0.00251,91.7,12.2,11.6,40.4,256,64.3
Trinidad and Tobago,2011,6.518745899,71.6,41.3,22.7,0.00165,92.1,12.7,12,41.3,260,63.6
Trinidad and Tobago,2013,6.167706966,69.9,41.3,21.4,0.00148,92.1,13,12.2,42.2,263,63.3
Tunisia,2010,5.130520821,27.9,36.3,18.4,0.00084,89.3,8.21,10.4,44.5,68.5,46.7
Tunisia,2011,4.87648201,55.3,36,18,0.0381,90.1,8.39,10.6,44.3,69.3,46.9
Tunisia,2012,4.463531017,56.7,35.9,17.7,0.0132,90.9,8.57,10.7,44.2,70.1,47.6
Tunisia,2013,5.245604992,57.6,35.8,17.5,0.00666,91.7,8.75,10.8,44.2,70.9,47.5
Tunisia,2014,4.763594627,63.1,35.8,17.3,0.00814,92.5,8.93,11,44.5,71.7,47.3
Tunisia,2015,5.131611824,67.2,35.8,17.2,0.00595,93.1,9.1,11.1,44.8,72.6,47.2
Turkey,2007,5.623471737,57,39.7,21.6,0.01,89,7.43,9.19,52.9,90.4,45.1
Turkey,2008,5.118231773,56.9,39,20,0.0158,90,7.6,9.32,52.4,91.5,45.8
Turkey,2009,5.212841511,57.1,39.1,18.6,0.0145,91,7.76,9.46,51.8,92.7,46.6
Turkey,2010,5.490347385,57.3,39.4,17.3,0.0139,92,7.93,9.6,51.3,94,47.7
Turkey,2011,5.271944046,57.3,39.6,16.2,0.0197,93,8.09,9.74,50.9,95.4,48.8
Turkey,2012,5.309076309,57.6,40.1,15.2,0.358,94,8.26,9.88,50.6,96.9,48.7
Turkey,2013,4.888177395,56.3,40.9,14.3,0.803,95,8.43,10,50.3,98.5,49.6
Uganda,2006,3.733583927,51.4,43.6,102,0.952,16.9,4.95,7.01,108,148,70.5
Uganda,2007,4.45583868,50.9,43.5,94.9,0.776,17.2,5.07,7.14,108,153,70.6
Uganda,2008,4.568619251,50.3,43.6,88.5,0.533,17.4,5.2,7.26,107,158,70.7
Uganda,2009,4.611985683,50.4,43.6,82.9,0.405,17.7,5.33,7.39,107,164,70.8
Uganda,2010,4.192882061,50.5,43.4,77.4,0.419,17.9,5.47,7.52,106,170,70.8
Uganda,2011,4.826001167,51.3,42.9,72.6,0.417,18.2,5.6,7.65,106,176,71
Uganda,2012,4.309237957,51.6,42.4,67.3,0.573,18.4,5.74,7.78,105,182,71.1
Uganda,2013,3.709578753,52.2,41.9,62.7,0.618,18.7,5.88,7.91,104,188,71
Uganda,2014,3.769919157,52.2,41.7,58.5,1.04,18.9,6.02,8.04,103,194,70.9
Uganda,2015,4.237686634,52.2,41.9,54.8,1.25,19.2,6.16,8.17,102,201,70.7
Ukraine,2006,4.803954124,69.4,28.3,13.9,0.00488,95.2,13.3,12.8,43.8,80.5,55
Ukraine,2007,5.25218153,69.4,27.6,13.4,0.0157,95.3,13.5,13,43.4,80.1,54.9
Ukraine,2008,5.172380447,69.4,26.7,12.9,0.0156,95.4,13.6,13.1,43.1,79.7,54.8
Ukraine,2009,5.1656394,66.2,25.7,12.3,0.0159,95.5,13.8,13.3,42.9,79.4,54.9
Ukraine,2010,5.057561398,63,25.2,11.7,0.0066,95.6,13.9,13.4,42.6,79,55
Ukraine,2011,5.083132744,59.4,24.8,11.2,0.00696,95.7,14.1,13.5,42.7,78.7,55.2
Ukraine,2012,5.030342102,59.1,24.5,10.6,0.00618,95.8,14.3,13.7,42.5,78.3,54.9
Ukraine,2013,4.710802555,58.4,24.7,10.2,0.00655,95.8,14.4,13.8,42.4,77.9,55.5
Ukraine,2014,4.297329903,54.2,24.8,9.82,0.00714,95.9,14.5,13.9,42.6,77.5,54.3
Ukraine,2015,3.964542866,57,24.8,9.5,0.00729,95.9,14.7,14.1,43.3,77.1,54.6
United Arab Emirates,2006,6.734221935,24.2,40,9.44,0.00328,100,11.6,11.1,21.4,62.7,78.6
United Arab Emirates,2009,6.866062641,25.6,40,8.69,0.00352,100,12.2,11.6,17.2,91.7,81.2
United Arab Emirates,2010,7.097455502,25.2,40,8.48,0.00629,100,12.3,11.7,16.3,98.9,82.2
United Kingdom,2007,6.801930904,81.2,34.6,5.76,0.488,99.1,13.8,13.6,51.2,254,61.9
United Kingdom,2008,6.986463547,81.5,34.6,5.57,0.47,99.1,14,13.8,51.1,257,62.2
United Kingdom,2009,6.90654707,81.5,34.3,5.37,0.429,99.1,14.1,13.9,51.1,259,62
United Kingdom,2010,7.029364109,81.6,33.7,5.16,0.375,99.1,14.2,14,51.2,262,61.8
United Kingdom,2011,6.869248867,81.6,33.5,4.96,0.302,99.1,14.4,14.1,52,264,61.7
United Kingdom,2012,6.880784035,82.1,33.4,4.78,0.232,99.1,14.5,14.2,52.7,266,62
United Kingdom,2013,6.918055058,83.1,33.2,4.64,0.194,99.1,14.6,14.3,53.5,267,62.1
United Kingdom,2014,6.758147717,83.1,33.2,4.53,0.179,99.1,14.8,14.4,54.3,269,62.2
United Kingdom,2015,6.515445232,83.1,33.4,4.45,0.187,99.1,14.9,14.6,55.1,270,62.2
United States,2008,7.280385971,82.2,40.8,7.61,0.0921,100,14.3,13.9,48.6,33.2,65
United States,2009,7.158032417,82,40.7,7.47,0.0899,100,14.4,14,48.6,33.5,64.3
United States,2010,7.16361618,81.8,40.7,7.33,0.0856,100,14.5,14.1,48.7,33.7,63.6
United States,2011,7.115138531,81.1,40.7,7.2,0.085,100,14.6,14.2,48.9,34,63
United States,2012,7.026226997,81.1,40.8,7.08,0.0834,100,14.7,14.3,49.2,34.3,62.9
United States,2013,7.249285221,81.1,41,6.97,0.0833,100,14.8,14.4,49.7,34.5,62.5
United States,2014,7.151114464,81.1,41.2,6.88,0.0838,100,14.9,14.5,50.3,34.7,62.2
United States,2015,6.863946915,80.5,41.3,6.8,0.0851,100,15.1,14.6,50.9,35,62
Uruguay,2006,5.785868168,79.6,45.8,13.5,0.00376,94.5,10.8,9.87,59.2,19,64.2
Uruguay,2007,5.693945885,80.2,45.8,12.7,0.0042,94.7,10.9,9.99,58.7,19.1,64.4
Uruguay,2008,5.663869858,80.8,45.5,11.9,0.00434,94.8,11,10.1,58.3,19.1,64.8
Uruguay,2009,6.296222687,80.9,44.8,11.2,0.00502,94.9,11.2,10.2,57.8,19.2,65.3
Uruguay,2010,6.062010765,81,43.5,10.7,0.00563,95.1,11.3,10.3,57.4,19.3,65.5
Uruguay,2011,6.554047108,81.7,42.6,10.3,0.00516,95.2,11.5,10.5,57,19.3,65.9
Uruguay,2012,6.449728489,81.7,41.5,9.95,0.00536,95.3,11.6,10.6,56.7,19.4,65.4
Uruguay,2013,6.444464684,81.7,40.6,9.6,0.00599,95.4,11.8,10.7,56.4,19.5,64.9
Uruguay,2014,6.561443806,81.7,40.1,9.24,0.008,95.6,11.9,10.8,56.1,19.5,65.4
Uruguay,2015,6.628080368,81.7,40.1,8.85,0.00882,95.7,12.1,11,55.9,19.6,64.9
Uzbekistan,2006,5.232322216,18.5,33.5,46.6,0.00528,99.6,11.7,11.7,57.1,63.2,63.3
Uzbekistan,2011,5.738744259,17.4,33.5,34.1,0.00074,100,12.4,12.2,50.4,68.3,64.4
Uzbekistan,2012,6.019331932,17.2,33.5,31.9,0.0006,100,12.5,12.4,50,69.4,64.6
Uzbekistan,2013,5.939986229,17.2,33.5,29.8,0.00047,100,12.7,12.5,49.7,70.6,64.9
Uzbekistan,2014,6.049212456,24.5,33.5,27.8,0.00041,100,12.8,12.6,49.6,71.7,65.2
Uzbekistan,2015,5.972364426,19.5,33.5,25.9,0.00035,100,13,12.7,49.7,72.8,65.4
Venezuela,2006,6.525146008,54.2,48.6,17.9,0.00268,90.9,10,9.29,56.8,30.9,65.5
Venezuela,2008,6.257771492,53.4,46.9,17.1,0.728,92.1,10.3,9.56,55.4,31.9,65.1
Venezuela,2009,7.188803196,52.6,46.9,17,0.718,92.6,10.5,9.7,54.8,32.4,65.1
Venezuela,2010,7.47845459,51.8,46.9,17,0.709,93.2,10.7,9.84,54.3,32.9,64.8
Venezuela,2011,6.579789162,50.8,46.9,17.1,0.699,93.8,10.8,9.97,53.8,33.4,64.8
Venezuela,2012,7.066577435,51.5,46.9,17.2,0.694,94.3,11,10.1,53.4,33.9,64.2
Venezuela,2013,6.552796364,50.7,46.9,17.3,0.686,94.9,11.2,10.2,53,34.4,64.4
Venezuela,2014,6.136096478,50.7,46.9,17.3,0.578,94.9,11.3,10.4,52.7,34.8,64.4
Venezuela,2015,5.568800449,50,46.9,19.4,0.578,94.9,11.5,10.5,52.4,35.3,64.3
Vietnam,2007,5.421687603,26.4,36.1,24.1,0.00276,65.4,8.36,8.64,47.5,277,76.6
Vietnam,2008,5.480425358,25.3,36.7,23.7,0.00273,67,8.52,8.77,45.8,280,76.6
Vietnam,2009,5.304264545,27.4,37.1,23.4,0.00271,68.7,8.68,8.89,44.3,282,76.6
Vietnam,2010,5.295780659,29.4,37.1,23.1,0.00219,70.3,8.84,9.02,43.3,285,76.9
Vietnam,2011,5.767344475,29.6,37,22.8,0.00111,71.9,9,9.16,42.7,288,77.3
Vietnam,2012,5.53456974,28.9,36.5,22.6,0,73.5,9.16,9.29,42.3,292,77.7
Vietnam,2013,5.022698879,32.9,35.6,22.3,0,75.1,9.32,9.42,42.2,295,78.1
Yemen,2009,4.809258938,27.9,35.5,58,0.759,51.6,1.88,6.92,83.6,43.5,40
Yemen,2010,4.35031271,26.4,35.7,56,0.821,53,1.95,7.07,81.6,44.7,39.5
Yemen,2011,3.746255636,25.7,36,55.1,0.902,54.3,2.03,7.22,80.2,45.9,38.8
Yemen,2012,4.060600758,31.2,36.2,55,0.969,55.7,2.11,7.37,78.9,47.2,38.1
Yemen,2013,4.217678547,27.9,36.4,55,0.96,57,2.19,7.51,77.7,48.4,37.5
Yemen,2014,3.967957973,27.9,36.6,55,0.998,58.4,2.26,7.66,76.6,49.7,37
Yemen,2015,2.982673883,22.4,36.7,55,1.01,59.7,2.35,7.8,75.6,51,37.6
Zambia,2006,4.824454784,52.5,53.3,101,0.988,28.1,6.5,7.99,98.1,16.7,79
Zambia,2007,3.998293161,52.5,54.7,95.4,0.903,28.4,6.63,8.11,98.2,17.1,78.4
Zambia,2008,4.730263233,52.5,55,90.4,0.65,28.8,6.76,8.23,98.3,17.6,77.8
Zambia,2009,5.260360718,54.6,55.3,85.1,0.43,29.1,6.9,8.35,98.3,18.1,77.2
Zambia,2011,4.99911356,61.9,55.9,77.2,0.325,29.8,7.17,8.6,97.9,19.2,75.9
Zambia,2012,5.013374805,62.6,56.2,74.3,0.177,30.1,7.32,8.72,97.4,19.8,75.3
Zambia,2013,5.243995667,62.6,56.5,70.7,0.158,30.5,7.46,8.85,96.8,20.4,75.2
Zambia,2014,4.345837116,63.9,56.8,66.9,0.166,30.8,7.6,8.98,96.1,21,75.1
Zambia,2015,4.843164444,62.8,57,64.6,0.167,31.1,7.75,9.11,95.4,21.7,74.9
Zimbabwe,2006,3.826268435,26.2,43.2,101,0.029,40.8,8.69,9.87,81.7,33.9,82.4
Zimbabwe,2007,3.280246735,25.8,43.2,100,0.0325,40.5,8.86,10,81.3,34.5,82.5
Zimbabwe,2008,3.174263716,25.3,43.2,97,0.028,40.3,9.03,10.1,81,35,82.5
Zimbabwe,2009,4.055914402,25.9,43.2,92.7,0.0319,40,9.19,10.3,80.9,35.7,82.6
Zimbabwe,2010,4.681569576,26.4,43.2,86.3,0.0349,39.8,9.36,10.4,81,36.4,82.6
Zimbabwe,2011,4.845641613,26.8,43.2,79,0.0354,39.6,9.53,10.5,80.7,37.2,82.7
Zimbabwe,2012,4.955100536,26.7,43.2,69.8,0.0332,39.3,9.7,10.7,80.6,38,82.9
Zimbabwe,2013,4.690187931,26.7,43.2,62.3,0.0479,39.1,9.86,10.8,80.5,38.9,83
Zimbabwe,2014,4.184450626,27.8,43.2,57.5,0.0447,38.8,10,10.9,80.5,39.8,83.1
Zimbabwe,2015,3.70319128,30.5,43.2,54.3,0.0503,38.6,10.2,11.1,80.4,40.8,83.2
